Workbook

Sheet Start here
B1: Edexcel A Level Maths: Pure maths
B2: A quick check of how confident you feel on every topic, so revision goes where it's needed most.
B4: How it works
A5: 1 | B5: Open the Pure tab | C5: Each topic has a yellow Rating box. Click it and pick R, A or G. That's the only thing to fill in (Notes are optional).
A7: 2 | B7: Be honest, not kind | C7: If you're torn between two colours, pick the lower one. A Green topic gets almost no time, so only use it when you're sure.
A9: 3 | B9: Take your time | C9: 158 topics, most take a glance. About 30 minutes.
B12: What the colours mean
B13: R · Red | C13: I can't do this yet, or I'd probably get it wrong.
B14: A · Amber | C14: I can do some of it, or I'm slow and make mistakes.
B15: G · Green | C15: I can do this confidently in exam conditions.
B17: The tabs
B18: Pure | C18: 158 topics for Paper 1 and Paper 2.
B19: Chapter tests | C19: Real exam questions for each textbook chapter. Mark them Done as you go.
B20: Progress | C20: Fills itself in: your Red / Amber / Green totals and a practice plan.
B22: Want to check a topic first?
B23: ▶ Watch | C23: A short Maths Genie video lesson on the topic.
B24: Maths Genie | C24: Exam-style questions for the chapter, with worked answers. 'Topic set' = questions on just that topic.
B25: PMT worksheet | C25: Physics & Maths Tutor questions, the mark scheme and model answers.
B26: Textbook | C26: Where it is in the Pearson textbooks (Pure 1 and 2, Applied 1 and 2), with a chapter test of real exam questions.
B27: Ref and Year | C27: The official specification reference (e.g. P7.4). Y1 = AS / first-year content, Y2 = second year.
B29: The exams
C30: Three 2-hour papers, 100 marks each, each worth a third: Paper 1 and Paper 2 are Pure; Paper 3 is Statistics (Section A) and Mechanics (Section B). Year 1 content is examined too, and Pure can come up on Paper 3.

Sheet Pure
A1: Pure maths
A2: Paper 1 and Paper 2 · 158 topics · pick R, A or G in the yellow Rating column for each one
A3: ="Rated so far: "&(COUNTIF($D$7:$D$184,"R")+COUNTIF($D$7:$D$184,"A")+COUNTIF($D$7:$D$184,"G"))&" of 158 Red "&COUNTIF($D$7:$D$184,"R")&" · Amber "&COUNTIF($D$7:$D$184,"A")&" · Green "&COUNTIF($D$7:$D$184,"G")
A5: Your check | F5: Maths Genie | I5: PMT worksheet | M5: Textbook chapter test
A6: Ref | B6: Topic | C6: Year | D6: Rating | E6: Notes | F6: Video | G6: Questions | H6: Answers | I6: Worksheet | J6: Questions | K6: Mark scheme | L6: Answers | M6: Textbook | N6: Questions | O6: Mark scheme
A8: 1 | B8: Proof | E8: 3 topics · Year 1: 2 · Year 2: 1
A9: P1.1 | B9: Proof by deduction and proof by exhaustion | C9: 1 | F9: ▶ Watch | G9: Questions | H9: Answers | I9: Proof | J9: Questions | K9: Marks | L9: Answers | M9: Pure 1 Ch7 | N9: Set 1 of 2 | O9: Marks | P9: P1
A10: P1.1 | B10: Disproof by counter-example | C10: 1 | F10: ▶ Watch | G10: Questions | H10: Answers | I10: Proof | J10: Questions | K10: Marks | L10: Answers | M10: Pure 1 Ch7 | N10: Set 1 of 2 | O10: Marks | P10: P1
A11: P1.1 | B11: Proof by contradiction (incl. √2 irrational, infinitely many primes) | C11: 2 | F11: ▶ Watch | G11: Questions | H11: Answers | I11: Proof | J11: Questions | K11: Marks | L11: Answers | M11: Pure 2 Ch1 | N11: Questions | O11: Marks | P11: P1
A13: 2 | B13: Algebra and functions | E13: 38 topics · Year 1: 25 · Year 2: 13
A14: P2.1 | B14: Laws of indices | C14: 1 | F14: ▶ Watch | G14: Questions | H14: Answers | I14: none for this topic | M14: Pure 1 Ch1 | N14: Questions | O14: Marks | P14: P2
A15: P2.1 | B15: Negative and fractional indices | C15: 1 | F15: ▶ Watch | G15: Questions | H15: Answers | I15: Exponential Equations | J15: Questions | K15: Marks | L15: Answers | M15: Pure 1 Ch1 | N15: Questions | O15: Marks | P15: P2
A16: P2.2 | B16: Surds and rationalising the denominator | C16: 1 | F16: ▶ Watch | G16: Questions | H16: Answers | I16: none for this topic | M16: Pure 1 Ch1 | N16: Questions | O16: Marks | P16: P2
A17: P2.3 | B17: Solving quadratics (factorising, formula, calculator) | C17: 1 | F17: ▶ Watch | G17: Questions | H17: Answers | I17: Quadratics | J17: Questions | K17: Marks | L17: Answers | M17: Pure 1 Ch2 | N17: Questions | O17: Marks | P17: P2
A18: P2.3 | B18: Completing the square | C18: 1 | F18: ▶ Watch | G18: Topic set | H18: Answers | I18: Quadratics | J18: Questions | K18: Marks | L18: Answers | M18: Pure 1 Ch2 | N18: Questions | O18: Marks | P18: P2
A19: P2.3 | B19: Sketching quadratic graphs and quadratic functions | C19: 1 | F19: ▶ Watch | G19: Questions | H19: Answers | I19: Quadratics | J19: Questions | K19: Marks | L19: Answers | M19: Pure 1 Ch2 | N19: Questions | O19: Marks | P19: P2
A20: P2.3 | B20: The discriminant (real, repeated and no roots) | C20: 1 | F20: ▶ Watch | G20: Topic set | H20: Answers | I20: Quadratics | J20: Questions | K20: Marks | L20: Answers | M20: Pure 1 Ch2 | N20: Questions | O20: Marks | P20: P2
A21: P2.3 | B21: Hidden quadratics (quadratics in a function of x) | C21: 1 | F21: ▶ Watch | G21: Questions | H21: Answers | I21: Quadratics | J21: Questions | K21: Marks | L21: Answers | M21: Pure 1 Ch2 | N21: Questions | O21: Marks | P21: P2
A22: P2.4 | B22: Linear simultaneous equations | C22: 1 | F22: ▶ Watch | G22: Questions | H22: Answers | I22: Straight Lines | J22: Questions | K22: Marks | L22: Answers | M22: Pure 1 Ch3 | N22: Questions | O22: Marks | P22: P2
A23: P2.4 | B23: Simultaneous equations: one linear, one quadratic | C23: 1 | F23: ▶ Watch | G23: Questions | H23: Answers | I23: Circles | J23: Questions | K23: Marks | L23: Answers | M23: Pure 1 Ch3 | N23: Questions | O23: Marks | P23: P2
A24: P2.5 | B24: Linear inequalities | C24: 1 | F24: ▶ Watch | G24: Questions | H24: Answers | I24: none for this topic | M24: Pure 1 Ch3 | N24: Questions | O24: Marks | P24: P2
A25: P2.5 | B25: Quadratic inequalities (incl. set notation answers) | C25: 1 | F25: ▶ Watch | G25: Topic set | H25: Answers | I25: Inequalities | J25: Questions | K25: Marks | L25: Answers | M25: Pure 1 Ch3 | N25: Questions | O25: Marks | P25: P2
A26: P2.5 | B26: Inequalities on graphs (shading regions) | C26: 1 | F26: ▶ Watch | G26: Questions | H26: Answers | I26: Inequalities | J26: Questions | K26: Marks | L26: Answers | M26: Pure 1 Ch3 | N26: Questions | O26: Marks | P26: P2
A27: P2.6 | B27: Expanding brackets and collecting like terms | C27: 1 | F27: ▶ Watch | G27: Questions | H27: Answers | I27: none for this topic | M27: Pure 1 Ch1 | N27: Questions | O27: Marks | P27: P2
A28: P2.6 | B28: Factorising (incl. cubics) | C28: 1 | F28: ▶ Watch | G28: Questions | H28: Answers | I28: Factor Theorem | J28: Questions | K28: Marks | L28: Answers | M28: Pure 1 Ch1 | N28: Questions | O28: Marks | P28: P2
A29: P2.6 | B29: Simplifying algebraic fractions (factorising and cancelling) | C29: 2 | F29: ▶ Watch | G29: Questions | H29: Answers | I29: none for this topic | M29: Pure 1 Ch7 | N29: Set 1 of 2 | O29: Marks | P29: P2
A30: P2.6 | B30: Algebraic division | C30: 1 | F30: ▶ Watch | G30: Questions | H30: Answers | I30: Factor Theorem | J30: Questions | K30: Marks | L30: Answers | M30: Pure 1 Ch7 | N30: Set 1 of 2 | O30: Marks | P30: P2
A31: P2.6 | B31: The factor theorem | C31: 1 | F31: ▶ Watch | G31: Topic set | H31: Answers | I31: Factor Theorem | J31: Questions | K31: Marks | L31: Answers | M31: Pure 1 Ch7 | N31: Set 1 of 2 | O31: Marks | P31: P2
A32: P2.6 | B32: Adding, subtracting, multiplying and dividing algebraic fractions | C32: 2 | F32: ▶ Watch | G32: Questions | H32: Answers | I32: none for this topic | M32: Pure 2 Ch1 | N32: Questions | O32: Marks | P32: P2
A33: P2.6 | B33: Algebraic division of improper fractions | C33: 2 | F33: ▶ Watch | G33: Questions | H33: Answers | I33: Composite & Inverse Functions (Yr 2) | J33: Questions | K33: Marks | L33: Answers | M33: Pure 2 Ch1 | N33: Questions | O33: Marks | P33: P2
A34: P2.7 | B34: Sketching cubic graphs | C34: 1 | F34: ▶ Watch | G34: Questions | H34: Answers | I34: Transformations & Graphs | J34: Questions | K34: Marks | L34: Answers | M34: Pure 1 Ch4 | N34: Set 1 of 2 | O34: Marks | P34: P2
A35: P2.7 | B35: Sketching quartic graphs | C35: 1 | F35: ▶ Watch | G35: Questions | H35: Answers | I35: none for this topic | M35: Pure 1 Ch4 | N35: Set 1 of 2 | O35: Marks | P35: P2
A36: P2.7 | B36: Reciprocal graphs y = a/x and y = a/x² (asymptotes) | C36: 1 | F36: ▶ Watch | G36: Questions | H36: Answers | I36: Transformations & Graphs | J36: Questions | K36: Marks | L36: Answers | M36: Pure 1 Ch4 | N36: Set 1 of 2 | O36: Marks | P36: P2
A37: P2.7 | B37: Points of intersection and solving equations graphically | C37: 1 | F37: ▶ Watch | G37: Questions | H37: Answers | I37: Transformations & Graphs | J37: Questions | K37: Marks | L37: Answers | M37: Pure 1 Ch4 | N37: Set 1 of 2 | O37: Marks | P37: P2
A38: P2.7 | B38: Proportional relationships and their graphs | C38: 1 | F38: ▶ Watch | G38: Questions | H38: Answers | I38: none for this topic | M38: Pure 1 Ch4 | N38: Set 1 of 2 | O38: Marks | P38: P2
A39: P2.7 | B39: The modulus function and its graph y = |ax + b| | C39: 2 | F39: ▶ Watch | G39: Questions | H39: Answers | I39: Modulus of Functions (Yr 2) | J39: Questions | K39: Marks | L39: Answers | M39: Pure 2 Ch2 | N39: Set 1 of 2 | O39: Marks | P39: P2
A40: P2.7 | B40: Solving modulus equations and inequalities | C40: 2 | F40: ▶ Watch | G40: Questions | H40: Answers | I40: Modulus of Functions (Yr 2) | J40: Questions | K40: Marks | L40: Answers | M40: Pure 2 Ch2 | N40: Set 1 of 2 | O40: Marks | P40: P2
A41: P2.8 | B41: Functions and mappings: domain and range | C41: 2 | F41: ▶ Watch | G41: Questions | H41: Answers | I41: Composite & Inverse Functions (Yr 2) | J41: Questions | K41: Marks | L41: Answers | M41: Pure 2 Ch2 | N41: Set 1 of 2 | O41: Marks | P41: P2
A42: P2.8 | B42: Composite functions | C42: 2 | F42: ▶ Watch | G42: Questions | H42: Answers | I42: Composite & Inverse Functions (Yr 2) | J42: Questions | K42: Marks | L42: Answers | M42: Pure 2 Ch2 | N42: Set 1 of 2 | O42: Marks | P42: P2
A43: P2.8 | B43: Inverse functions and their graphs | C43: 2 | F43: ▶ Watch | G43: Questions | H43: Answers | I43: Composite & Inverse Functions (Yr 2) | J43: Questions | K43: Marks | L43: Answers | M43: Pure 2 Ch2 | N43: Set 1 of 2 | O43: Marks | P43: P2
A44: P2.9 | B44: Translating graphs: y = f(x) + a and y = f(x + a) | C44: 1 | F44: ▶ Watch | G44: Questions | H44: Answers | I44: Transformations & Graphs | J44: Questions | K44: Marks | L44: Answers | M44: Pure 1 Ch4 | N44: Set 1 of 2 | O44: Marks | P44: P2
A45: P2.9 | B45: Stretching graphs: y = af(x) and y = f(ax) | C45: 1 | F45: ▶ Watch | G45: Questions | H45: Answers | I45: Transformations & Graphs | J45: Questions | K45: Marks | L45: Answers | M45: Pure 1 Ch4 | N45: Set 1 of 2 | O45: Marks | P45: P2
A46: P2.9 | B46: Transforming functions (incl. reflections y = −f(x), y = f(−x)) | C46: 1 | F46: ▶ Watch | G46: Questions | H46: Answers | I46: Modulus of Functions (Yr 2) | J46: Questions | K46: Marks | L46: Answers | M46: Pure 1 Ch4 | N46: Set 1 of 2 | O46: Marks | P46: P2
A47: P2.9 | B47: y = |f(x)| and y = f(|x|) | C47: 2 | F47: ▶ Watch | G47: Questions | H47: Answers | I47: none for this topic | M47: Pure 2 Ch2 | N47: Set 1 of 2 | O47: Marks | P47: P2
A48: P2.9 | B48: Combining transformations | C48: 2 | F48: ▶ Watch | G48: Questions | H48: Answers | I48: Transformations & Graphs | J48: Questions | K48: Marks | L48: Answers | M48: Pure 2 Ch2 | N48: Set 1 of 2 | O48: Marks | P48: P2
A49: P2.10 | B49: Partial fractions (distinct linear factors) | C49: 2 | F49: ▶ Watch | G49: Questions | H49: Answers | I49: Partial Fractions (Yr 2) | J49: Questions | K49: Marks | L49: Answers | M49: Pure 2 Ch1 | N49: Questions | O49: Marks | P49: P2
A50: P2.10 | B50: Partial fractions with repeated factors | C50: 2 | F50: ▶ Watch | G50: Questions | H50: Answers | I50: Partial Fractions (Yr 2) | J50: Questions | K50: Marks | L50: Answers | M50: Pure 2 Ch1 | N50: Questions | O50: Marks | P50: P2
A51: P2.11 | B51: Using functions in modelling (limitations and refinements) | C51: 2 | F51: ▶ Watch | G51: Questions | H51: Answers | I51: Quadratics | J51: Questions | K51: Marks | L51: Answers | M51: Pure 1 Ch2 | N51: Questions | O51: Marks | P51: P2
A53: 3 | B53: Coordinate geometry in the (x, y) plane | E53: 15 topics · Year 1: 10 · Year 2: 5
A54: P3.1 | B54: y = mx + c and gradients | C54: 1 | F54: ▶ Watch | G54: Questions | H54: Answers | I54: Straight Lines | J54: Questions | K54: Marks | L54: Answers | M54: Pure 1 Ch5 | N54: Questions | O54: Marks | P54: P3
A55: P3.1 | B55: Equations of straight lines: y − y₁ = m(x − x₁) and ax + by + c = 0 | C55: 1 | F55: ▶ Watch | G55: Questions | H55: Answers | I55: Straight Lines | J55: Questions | K55: Marks | L55: Answers | M55: Pure 1 Ch5 | N55: Questions | O55: Marks | P55: P3
A56: P3.1 | B56: Parallel and perpendicular lines | C56: 1 | F56: ▶ Watch | G56: Questions | H56: Answers | I56: Straight Lines | J56: Questions | K56: Marks | L56: Answers | M56: Pure 1 Ch5 | N56: Questions | O56: Marks | P56: P3
A57: P3.1 | B57: Length of a line segment and areas of shapes | C57: 1 | F57: ▶ Watch | G57: Questions | H57: Answers | I57: Straight Lines | J57: Questions | K57: Marks | L57: Answers | M57: Pure 1 Ch5 | N57: Questions | O57: Marks | P57: P3
A58: P3.1 | B58: Straight-line models in context | C58: 1 | F58: ▶ Watch | G58: Questions | H58: Answers | I58: Linear Models | J58: Questions | K58: Marks | L58: Answers | M58: Pure 1 Ch5 | N58: Questions | O58: Marks | P58: P3
A59: P3.2 | B59: Midpoints and perpendicular bisectors | C59: 1 | F59: ▶ Watch | G59: Questions | H59: Answers | I59: none for this topic | M59: Pure 1 Ch6 | N59: Questions | O59: Marks | P59: P3
A60: P3.2 | B60: Equation of a circle (completing the square for centre and radius) | C60: 1 | F60: ▶ Watch | G60: Topic set | H60: Answers | I60: Circles | J60: Questions | K60: Marks | L60: Answers | M60: Pure 1 Ch6 | N60: Questions | O60: Marks | P60: P3
A61: P3.2 | B61: Intersections of straight lines and circles | C61: 1 | F61: ▶ Watch | G61: Questions | H61: Answers | I61: Circles | J61: Questions | K61: Marks | L61: Answers | M61: Pure 1 Ch6 | N61: Questions | O61: Marks | P61: P3
A62: P3.2 | B62: Tangent and chord properties | C62: 1 | F62: ▶ Watch | G62: Questions | H62: Answers | I62: Circles | J62: Questions | K62: Marks | L62: Answers | M62: Pure 1 Ch6 | N62: Questions | O62: Marks | P62: P3
A63: P3.2 | B63: Circles and triangles (circumcircles, angle in a semicircle) | C63: 1 | F63: ▶ Watch | G63: Questions | H63: Answers | I63: none for this topic | M63: Pure 1 Ch6 | N63: Questions | O63: Marks | P63: P3
A64: P3.3 | B64: Parametric equations: converting to Cartesian form | C64: 2 | F64: ▶ Watch | G64: Questions | H64: Answers | I64: Parametric Equations (Yr 2) | J64: Questions | K64: Marks | L64: Answers | M64: Pure 2 Ch8 | N64: Questions | O64: Marks | P64: P3
A65: P3.3 | B65: Parametric equations using trig identities | C65: 2 | F65: ▶ Watch | G65: Questions | H65: Answers | I65: Parametric Differentiation (Yr 2) | J65: Questions | K65: Marks | L65: Answers | M65: Pure 2 Ch8 | N65: Questions | O65: Marks | P65: P3
A66: P3.3 | B66: Sketching parametric curves | C66: 2 | F66: ▶ Watch | G66: Questions | H66: Answers | I66: none for this topic | M66: Pure 2 Ch8 | N66: Questions | O66: Marks | P66: P3
A67: P3.3 | B67: Points of intersection with parametric curves | C67: 2 | F67: ▶ Watch | G67: Questions | H67: Answers | I67: Parametric Differentiation (Yr 2) | J67: Questions | K67: Marks | L67: Answers | M67: Pure 2 Ch8 | N67: Questions | O67: Marks | P67: P3
A68: P3.4 | B68: Modelling with parametric equations | C68: 2 | F68: ▶ Watch | G68: Questions | H68: Answers | I68: none for this topic | M68: Pure 2 Ch8 | N68: Questions | O68: Marks | P68: P3
A70: 4 | B70: Sequences and series | E70: 16 topics · Year 1: 4 · Year 2: 12
A71: P4.1 | B71: Pascal's triangle, factorials and nCr notation | C71: 1 | F71: ▶ Watch | G71: Questions | H71: Answers | I71: Binomial Expansion | J71: Questions | K71: Marks | L71: Answers | M71: Pure 1 Ch8 | N71: Questions | O71: Marks | P71: P4
A72: P4.1 | B72: Binomial expansion of (a + bx)ⁿ for positive integer n | C72: 1 | F72: ▶ Watch | G72: Questions | H72: Answers | I72: Binomial Expansion | J72: Questions | K72: Marks | L72: Answers | M72: Pure 1 Ch8 | N72: Questions | O72: Marks | P72: P4
A73: P4.1 | B73: Solving binomial problems (finding unknowns and coefficients) | C73: 1 | F73: ▶ Watch | G73: Questions | H73: Answers | I73: Binomial Expansion | J73: Questions | K73: Marks | L73: Answers | M73: Pure 1 Ch8 | N73: Questions | O73: Marks | P73: P4
A74: P4.1 | B74: Binomial estimation (approximations) | C74: 1 | F74: ▶ Watch | G74: Questions | H74: Answers | I74: Binomial Expansion (Yr 2) | J74: Questions | K74: Marks | L74: Answers | M74: Pure 1 Ch8 | N74: Questions | O74: Marks | P74: P4
A75: P4.1 | B75: Binomial expansion of (1 + x)ⁿ for rational n, and validity | C75: 2 | F75: ▶ Watch | G75: Questions | H75: Answers | I75: Binomial Expansion (Yr 2) | J75: Questions | K75: Marks | L75: Answers | M75: Pure 2 Ch4 | N75: Questions | O75: none | P75: P4
A76: P4.1 | B76: Binomial expansion of (a + bx)ⁿ for rational n | C76: 2 | F76: ▶ Watch | G76: Questions | H76: Answers | I76: Binomial Expansion (Yr 2) | J76: Questions | K76: Marks | L76: Answers | M76: Pure 2 Ch4 | N76: Questions | O76: none | P76: P4
A77: P4.1 | B77: Binomial expansion using partial fractions | C77: 2 | F77: ▶ Watch | G77: Questions | H77: Answers | I77: Binomial Expansion (Yr 2) | J77: Questions | K77: Marks | L77: Answers | M77: Pure 2 Ch4 | N77: Questions | O77: none | P77: P4
A78: P4.2 | B78: Recurrence relations uₙ₊₁ = f(uₙ) | C78: 2 | F78: ▶ Watch | G78: Questions | H78: Answers | I78: Sequences and Series (Yr 2) | J78: Questions | K78: Marks | L78: Answers | M78: Pure 2 Ch3 | N78: Set 1 of 2 | O78: Marks | P78: P4
A79: P4.2 | B79: Increasing, decreasing and periodic sequences | C79: 2 | F79: ▶ Watch | G79: Questions | H79: Answers | I79: Sequences and Series (Yr 2) | J79: Questions | K79: Marks | L79: Answers | M79: Pure 2 Ch3 | N79: Set 1 of 2 | O79: Marks | P79: P4
A80: P4.3 | B80: Sigma notation | C80: 2 | F80: ▶ Watch | G80: Questions | H80: Answers | I80: Sequences and Series (Yr 2) | J80: Questions | K80: Marks | L80: Answers | M80: Pure 2 Ch3 | N80: Set 1 of 2 | O80: Marks | P80: P4
A81: P4.4 | B81: Arithmetic sequences | C81: 2 | F81: ▶ Watch | G81: Questions | H81: Answers | I81: Arithmetic Sequences (Yr 2) | J81: Questions | K81: Marks | L81: Answers | M81: Pure 2 Ch3 | N81: Set 1 of 2 | O81: Marks | P81: P4
A82: P4.4 | B82: Arithmetic series (incl. proof of the sum formula) | C82: 2 | F82: ▶ Watch | G82: Questions | H82: Answers | I82: Arithmetic Sequences (Yr 2) | J82: Questions | K82: Marks | L82: Answers | M82: Pure 2 Ch3 | N82: Set 1 of 2 | O82: Marks | P82: P4
... A86: P4.6 | B86: Modelling with sequences and series | C86: 2 | F86: ▶ Watch | G86: Questions | H86: Answers | I86: Geometric Series (Yr 2) | J86: Questions | K86: Marks | L86: Answers | M86: Pure 2 Ch3 | N86: Set 1 of 2 | O86: Marks | P86: P4
A88: 5 | B88: Trigonometry | E88: 25 topics · Year 1: 10 · Year 2: 15
A89: P5.1 | B89: The cosine rule | C89: 1 | F89: ▶ Watch | G89: Questions | H89: Answers | I89: Sine and Cosine Rule | J89: Questions | K89: Marks | L89: Answers | M89: Pure 1 Ch9 | N89: Questions | O89: Marks | P89: P5
A90: P5.1 | B90: The sine rule (incl. the ambiguous case) | C90: 1 | F90: ▶ Watch | G90: Questions | H90: Answers | I90: Sine and Cosine Rule | J90: Questions | K90: Marks | L90: Answers | M90: Pure 1 Ch9 | N90: Questions | O90: Marks | P90: P5
A91: P5.1 | B91: Area of a triangle ½ab sin C | C91: 1 | F91: ▶ Watch | G91: Questions | H91: Answers | I91: Sine and Cosine Rule | J91: Questions | K91: Marks | L91: Answers | M91: Pure 1 Ch9 | N91: Questions | O91: Marks | P91: P5
A92: P5.1 | B92: Solving triangle problems (bearings, multi-step) | C92: 1 | F92: ▶ Watch | G92: Questions | H92: Answers | I92: Sine and Cosine Rule | J92: Questions | K92: Marks | L92: Answers | M92: Pure 1 Ch9 | N92: Questions | O92: Marks | P92: P5
A93: P5.1 | B93: Trig ratios for any angle (unit circle, all four quadrants) | C93: 1 | F93: ▶ Watch | G93: Questions | H93: Answers | I93: none for this topic | M93: Pure 1 Ch10 | N93: Questions | O93: Marks | P93: P5
A94: P5.1 | B94: Radian measure | C94: 2 | F94: ▶ Watch | G94: Questions | H94: Answers | I94: Arc Length and Sector Area (Yr 2) | J94: Questions | K94: Marks | L94: Answers | M94: Pure 2 Ch5 | N94: Questions | O94: Marks | P94: P5
A95: P5.1 | B95: Arc length and sector area | C95: 2 | F95: ▶ Watch | G95: Questions | H95: Answers | I95: Arc Length and Sector Area (Yr 2) | J95: Questions | K95: Marks | L95: Answers | M95: Pure 2 Ch5 | N95: Questions | O95: Marks | P95: P5
A96: P5.1 | B96: Areas of segments | C96: 2 | F96: ▶ Watch | G96: Questions | H96: Answers | I96: none for this topic | M96: Pure 2 Ch5 | N96: Questions | O96: Marks | P96: P5
A97: P5.2 | B97: Small angle approximations | C97: 2 | F97: ▶ Watch | G97: Questions | H97: Answers | I97: Small Angle Approximation (Yr 2) | J97: Questions | K97: Marks | L97: Answers | M97: Pure 2 Ch5 | N97: Questions | O97: Marks | P97: P5
A98: P5.3 | B98: Graphs of sin, cos and tan (symmetry and periodicity) | C98: 1 | F98: ▶ Watch | G98: Questions | H98: Answers | I98: none for this topic | M98: Pure 1 Ch9 | N98: Questions | O98: Marks | P98: P5
A99: P5.3 | B99: Transforming trig graphs | C99: 1 | F99: ▶ Watch | G99: Questions | H99: Answers | I99: Modelling with Trig (Yr 2) | J99: Questions | K99: Marks | L99: Answers | M99: Pure 1 Ch9 | N99: Questions | O99: Marks | P99: P5
A100: P5.3 | B100: Exact values of sin, cos and tan (degrees and radians) | C100: 2 | F100: ▶ Watch | G100: Questions | H100: Answers | I100: none for this topic | M100: Pure 1 Ch10 | N100: Questions | O100: Marks | P100: P5
A101: P5.4 | B101: Sec, cosec and cot: definitions and exact values | C101: 2 | F101: ▶ Watch | G101: Questions | H101: Answers | I101: none for this topic | M101: Pure 2 Ch6 | N101: Set 1 of 2 | O101: Marks | P101: P5
A102: P5.4 | B102: Graphs of sec x, cosec x and cot x | C102: 2 | F102: ▶ Watch | G102: Questions | H102: Answers | I102: none for this topic | M102: Pure 2 Ch6 | N102: Set 1 of 2 | O102: Marks | P102: P5
A103: P5.4 | B103: Inverse trig functions: arcsin, arccos, arctan (domain, range, graphs) | C103: 2 | F103: ▶ Watch | G103: Questions | H103: Answers | I103: none for this topic | M103: Pure 2 Ch6 | N103: Set 1 of 2 | O103: Marks | P103: P5
A104: P5.5 | B104: Identities tan θ = sin θ / cos θ and sin²θ + cos²θ = 1 (incl. simple proofs) | C104: 1 | F104: ▶ Watch | G104: Questions | H104: Answers | I104: Trigonometric Identities | J104: Questions | K104: Marks | L104: Answers | M104: Pure 1 Ch10 | N104: Questions | O104: Marks | P104: P5
A105: P5.5 | B105: Identities sec²θ = 1 + tan²θ and cosec²θ = 1 + cot²θ | C105: 2 | F105: ▶ Watch | G105: Questions | H105: Answers | I105: Parametric Differentiation (Yr 2) | J105: Questions | K105: Marks | L105: Answers | M105: Pure 2 Ch6 | N105: Set 1 of 2 | O105: Marks | P105: P5
A106: P5.6 | B106: Addition formulae: sin(A ± B), cos(A ± B), tan(A ± B) and their geometric proofs | C106: 2 | F106: ▶ Watch | G106: Questions | H106: Answers | I106: Trigonometric Identities (Yr 2) | J106: Questions | K106: Marks | L106: Answers | M106: Pure 2 Ch7 | N106: Set 1 of 2 | O106: Marks | P106: P5
A107: P5.6 | B107: Double angle formulae (incl. half angles) | C107: 2 | F107: ▶ Watch | G107: Questions | H107: Answers | I107: Trigonometric Equations (Yr 2) | J107: Questions | K107: Marks | L107: Answers | M107: Pure 2 Ch7 | N107: Set 1 of 2 | O107: Marks | P107: P5
A108: P5.6 | B108: a cos θ + b sin θ in the form R cos(θ ± α) or R sin(θ ± α) | C108: 2 | F108: ▶ Watch | G108: Questions | H108: Answers | I108: Trigonometric Equations (Yr 2) | J108: Questions | K108: Marks | L108: Answers | M108: Pure 2 Ch7 | N108: Set 1 of 2 | O108: Marks | P108: P5
A109: P5.7 | B109: Solving trig equations (incl. multiples of the angle) | C109: 1 | F109: ▶ Watch | G109: Topic set | H109: Answers | I109: Trigonometric Equations | J109: Questions | K109: Marks | L109: Answers | M109: Pure 1 Ch10 | N109: Questions | O109: Marks | P109: P5
...

Sheet Chapter tests
A1: Chapter tests
A2: Real Edexcel exam questions for each textbook chapter, plus the textbook review exercises. Try one once every topic in it is Amber or Green.
A4: Book | B4: Chapters | C4: Test | D4: Questions | E4: Mark scheme | F4: Done? | G4: Score / notes
A6: Pure maths | C6: Paper 1 and Paper 2
A7: Pure 1 | B7: Ch1 Algebraic Expression | C7: Ch1 Algebraic Expression Exam Questions | D7: Questions | E7: Marks
A8: Pure 1 | B8: Ch2 Quadratics, Ch3 Equations and Inequalities | C8: Ch2 Quadratics and Ch3 Equations and Inequalities Exam Questions | D8: Questions | E8: Marks
A9: Pure 1 | B9: Ch1-Ch4 review (textbook) | C9: Textbook review exercise 1 - pg.85-88 | D9: in the book
A10: Pure 1 | B10: Ch5 Straight Line Graphs | C10: Ch5 Straight Line Graphs Exam Questions | D10: Questions | E10: Marks
A11: Pure 1 | B11: Ch6 Circles | C11: Ch6 Circles Exam Questions | D11: Questions | E11: Marks
A12: Pure 1 | B12: Ch4 Graphs and Transformations, Ch7 Algebraic Methods | C12: Ch4 Graphs and Transformations + Ch7 Algebraic Methods Exam Questions 1 | D12: Questions | E12: Marks
A13: Pure 1 | B13: Ch4 Graphs and Transformations, Ch7 Algebraic Methods | C13: Ch4 Graphs and Transformations + Ch7 Algebraic Methods Exam Questions 2 | D13: Questions | E13: Marks
A14: Pure 1 | B14: Ch8 Binomial Expansion | C14: Ch8 Binomial Expansion Exam Questions | D14: Questions | E14: Marks
A15: Pure 1 | B15: Ch9 Trigonometric ratios | C15: Ch9 Trigonometric Ratos Exam Questions | D15: Questions | E15: Marks
A16: Pure 1 | B16: Ch10 Trigonometric Identities and Equations | C16: Ch10 Trigonometric Identities and Equations Exam Questions | D16: Questions | E16: Marks
A17: Pure 1 | B17: Ch5-Ch10 review (textbook) | C17: Textbook review exercise 2 - pg.226 - 229 | D17: in the book
A18: Pure 1 | B18: Ch11 Vectors | C18: Ch11 Vectors Exam Questions | D18: Questions | E18: Marks
A19: Pure 1 | B19: Ch12 Differentiation | C19: Ch12 Differentiation Exam Questions | D19: Questions | E19: Marks
A20: Pure 1 | B20: Ch13 Integration | C20: Ch13 Integration Exam Question | D20: Questions | E20: Marks
A21: Pure 1 | B21: Ch14 Exponential and Logarithms | C21: Ch14 Exponential and Logarithms Exam Questions 1 | D21: Questions | E21: Marks
A22: Pure 1 | B22: Ch14 Exponential and Logarithms | C22: Ch14 Exponential and Logarithms Exam Questions 2 | D22: Questions | E22: Marks
A23: Pure 1 | B23: Ch11-Ch14 review (textbook) | C23: Textbook review exercise 3 - pg.338-341 | D23: in the book
A24: Pure 2 | B24: Ch1 Algebraic Methods | C24: Ch1 Algebraic Methods Exam Questions | D24: Questions | E24: Marks
A25: Pure 2 | B25: Ch2 Functions and Graphs | C25: Ch2 Functions and Graphs Exam Questions 1 | D25: Questions | E25: Marks
A26: Pure 2 | B26: Ch2 Functions and Graphs | C26: Ch2 Functions and Graphs Exam Questions 2 | D26: Questions | E26: Marks
A27: Pure 2 | B27: Ch3 Sequences and Series | C27: Ch3 Sequences and Series Exam Questions 1 | D27: Questions | E27: Marks
A28: Pure 2 | B28: Ch3 Sequences and Series | C28: Ch3 Sequences and Series Exam Questions 2 | D28: Questions | E28: Marks
A29: Pure 2 | B29: Ch4 Binomial Expansion | C29: Ch4 Binomial Expansion Exam Questions | D29: Questions | E29: none
A30: Pure 2 | B30: Ch1-Ch4 review (textbook) | C30: Textbook review exercise 1 - pg.107-112 | D30: in the book
A31: Pure 2 | B31: Ch5 Radians | C31: Ch5 Radians Exam Questions | D31: Questions | E31: Marks
A32: Pure 2 | B32: Ch6 Trigonometric Functions, Ch7 Trigonometry and Modelling | C32: Ch6 Trigonometric Functions and Ch7 Trigonometry and Modelling Exam Questions 1 | D32: Questions | E32: Marks
A33: Pure 2 | B33: Ch6 Trigonometric Functions, Ch7 Trigonometry and Modelling | C33: Ch6 Trigonometric Functions and Ch7 Trigonometry and Modelling Exam Questions 2 | D33: Questions | E33: Marks
A34: Pure 2 | B34: Ch8 Parametric Equations | C34: Ch8 Parametric Equations Exam Questions | D34: Questions | E34: Marks
A35: Pure 2 | B35: Ch5-Ch8 review (textbook) | C35: Textbook review exercise 2 - pg.225-230 | D35: in the book
A36: Pure 2 | B36: Ch9 Differentiation | C36: Ch9 Differentiation Exam Questions 1 | D36: Questions | E36: Marks
A37: Pure 2 | B37: Ch9 Differentiation | C37: Ch9 Differentiation Exam Questions 2 | D37: Questions | E37: Marks
A38: Pure 2 | B38: Ch9 Differentiation | C38: Ch9 Differentiation Exam Questions 3 | D38: Questions | E38: Marks
A39: Pure 2 | B39: Ch10 Numerical Methods | C39: Ch10 Numerical Methods Exam Questions | D39: Questions | E39: Marks
A40: Pure 2 | B40: Ch11 Integration | C40: Ch11 Integration Exam Questions 1 | D40: Questions | E40: Marks
A41: Pure 2 | B41: Ch11 Integration | C41: Ch11 Integration Exam Questions 2 | D41: Questions | E41: Marks
A42: Pure 2 | B42: Ch11 Integration | C42: Ch11 Integration Exam Questions 3 | D42: Questions | E42: Marks
A43: Pure 2 | B43: Ch11 Integration | C43: Ch11 Integration Exam Questions 4 | D43: Questions | E43: Marks
A44: Pure 2 | B44: Ch12 Vectors | C44: Ch12 Vectors Exam Questions | D44: Questions | E44: Marks
A45: Pure 2 | B45: Ch9-Ch12 review (textbook) | C45: Textbook review exercise 3 - pg.352-357 | D45: in the book

Sheet Progress
A1: Progress
A2: This page fills itself in from your ratings. Nothing to type here except the yellow cells, if you want to change them.
A4: =TEXT((COUNTIFS('Pure'!$D$7:$D$184,"R",'Pure'!$C$7:$C$184,">0")+COUNTIFS('Pure'!$D$7:$D$184,"A",'Pure'!$C$7:$C$184,">0")+COUNTIFS('Pure'!$D$7:$D$184,"G",'Pure'!$C$7:$C$184,">0"))/158,"0%") | C4: =COUNTIFS('Pure'!$D$7:$D$184,"R",'Pure'!$C$7:$C$184,">0") | E4: =COUNTIFS('Pure'!$D$7:$D$184,"A",'Pure'!$C$7:$C$184,">0") | G4: =COUNTIFS('Pure'!$D$7:$D$184,"G",'Pure'!$C$7:$C$184,">0")
A5: Topics rated (of 158) | C5: Red | E5: Amber | G5: Green
A7: Your practice plan
A8: Rating | B8: Topics | C8: Qs each | D8: Qs total | E8: What to do
A9: Red | B9: =COUNTIFS('Pure'!$D$7:$D$184,"R",'Pure'!$C$7:$C$184,">0") | C9: 10 | D9: =B9*C9 | E9: Full worksheet, taught first
A10: Amber | B10: =COUNTIFS('Pure'!$D$7:$D$184,"A",'Pure'!$C$7:$C$184,">0") | C10: 5 | D10: =B10*C10 | E10: Practise until 3 right in a row
A11: Green | B11: =COUNTIFS('Pure'!$D$7:$D$184,"G",'Pure'!$C$7:$C$184,">0") | C11: 2 | D11: =B11*C11 | E11: 2-question spot check
A12: Not rated yet | B12: =COUNTIFS('Pure'!$D$7:$D$184,"",'Pure'!$C$7:$C$184,">0")
A13: Total questions | D13: =SUM(D9:D11)
A14: Minutes per question | D14: 6
A15: Hours of practice | D15: =ROUND(D13*D14/60,1)
A16: Chapter tests done | D16: =COUNTIF('Chapter tests'!$F$5:$F$45,"Done")&" of 39"
A18: By year
B19: Topics | C19: Red | D19: Amber | E19: Green | F19: Not rated | G19: % Green
A20: Year 1 (AS content) | B20: =COUNTIFS('Pure'!$C$7:$C$184,1) | C20: =COUNTIFS('Pure'!$C$7:$C$184,1,'Pure'!$D$7:$D$184,"R") | D20: =COUNTIFS('Pure'!$C$7:$C$184,1,'Pure'!$D$7:$D$184,"A") | E20: =COUNTIFS('Pure'!$C$7:$C$184,1,'Pure'!$D$7:$D$184,"G") | F20: =COUNTIFS('Pure'!$C$7:$C$184,1,'Pure'!$D$7:$D$184,"") | G20: =IFERROR(E20/B20,0)
A21: Year 2 | B21: =COUNTIFS('Pure'!$C$7:$C$184,2) | C21: =COUNTIFS('Pure'!$C$7:$C$184,2,'Pure'!$D$7:$D$184,"R") | D21: =COUNTIFS('Pure'!$C$7:$C$184,2,'Pure'!$D$7:$D$184,"A") | E21: =COUNTIFS('Pure'!$C$7:$C$184,2,'Pure'!$D$7:$D$184,"G") | F21: =COUNTIFS('Pure'!$C$7:$C$184,2,'Pure'!$D$7:$D$184,"") | G21: =IFERROR(E21/B21,0)
A23: By topic area
B24: Topics | C24: Red | D24: Amber | E24: Green | F24: Not rated | G24: % Green
A25: Pure 1: Proof | B25: =COUNTIFS('Pure'!$P$7:$P$184,"P1") | C25: =COUNTIFS('Pure'!$P$7:$P$184,"P1",'Pure'!$D$7:$D$184,"R") | D25: =COUNTIFS('Pure'!$P$7:$P$184,"P1",'Pure'!$D$7:$D$184,"A") | E25: =COUNTIFS('Pure'!$P$7:$P$184,"P1",'Pure'!$D$7:$D$184,"G") | F25: =COUNTIFS('Pure'!$P$7:$P$184,"P1",'Pure'!$D$7:$D$184,"") | G25: =IFERROR(E25/B25,0)
A26: Pure 2: Algebra and functions | B26: =COUNTIFS('Pure'!$P$7:$P$184,"P2") | C26: =COUNTIFS('Pure'!$P$7:$P$184,"P2",'Pure'!$D$7:$D$184,"R") | D26: =COUNTIFS('Pure'!$P$7:$P$184,"P2",'Pure'!$D$7:$D$184,"A") | E26: =COUNTIFS('Pure'!$P$7:$P$184,"P2",'Pure'!$D$7:$D$184,"G") | F26: =COUNTIFS('Pure'!$P$7:$P$184,"P2",'Pure'!$D$7:$D$184,"") | G26: =IFERROR(E26/B26,0)
A27: Pure 3: Coordinate geometry in the (x, y) plane | B27: =COUNTIFS('Pure'!$P$7:$P$184,"P3") | C27: =COUNTIFS('Pure'!$P$7:$P$184,"P3",'Pure'!$D$7:$D$184,"R") | D27: =COUNTIFS('Pure'!$P$7:$P$184,"P3",'Pure'!$D$7:$D$184,"A") | E27: =COUNTIFS('Pure'!$P$7:$P$184,"P3",'Pure'!$D$7:$D$184,"G") | F27: =COUNTIFS('Pure'!$P$7:$P$184,"P3",'Pure'!$D$7:$D$184,"") | G27: =IFERROR(E27/B27,0)
A28: Pure 4: Sequences and series | B28: =COUNTIFS('Pure'!$P$7:$P$184,"P4") | C28: =COUNTIFS('Pure'!$P$7:$P$184,"P4",'Pure'!$D$7:$D$184,"R") | D28: =COUNTIFS('Pure'!$P$7:$P$184,"P4",'Pure'!$D$7:$D$184,"A") | E28: =COUNTIFS('Pure'!$P$7:$P$184,"P4",'Pure'!$D$7:$D$184,"G") | F28: =COUNTIFS('Pure'!$P$7:$P$184,"P4",'Pure'!$D$7:$D$184,"") | G28: =IFERROR(E28/B28,0)
A29: Pure 5: Trigonometry | B29: =COUNTIFS('Pure'!$P$7:$P$184,"P5") | C29: =COUNTIFS('Pure'!$P$7:$P$184,"P5",'Pure'!$D$7:$D$184,"R") | D29: =COUNTIFS('Pure'!$P$7:$P$184,"P5",'Pure'!$D$7:$D$184,"A") | E29: =COUNTIFS('Pure'!$P$7:$P$184,"P5",'Pure'!$D$7:$D$184,"G") | F29: =COUNTIFS('Pure'!$P$7:$P$184,"P5",'Pure'!$D$7:$D$184,"") | G29: =IFERROR(E29/B29,0)
A30: Pure 6: Exponentials and logarithms | B30: =COUNTIFS('Pure'!$P$7:$P$184,"P6") | C30: =COUNTIFS('Pure'!$P$7:$P$184,"P6",'Pure'!$D$7:$D$184,"R") | D30: =COUNTIFS('Pure'!$P$7:$P$184,"P6",'Pure'!$D$7:$D$184,"A") | E30: =COUNTIFS('Pure'!$P$7:$P$184,"P6",'Pure'!$D$7:$D$184,"G") | F30: =COUNTIFS('Pure'!$P$7:$P$184,"P6",'Pure'!$D$7:$D$184,"") | G30: =IFERROR(E30/B30,0)
A31: Pure 7: Differentiation | B31: =COUNTIFS('Pure'!$P$7:$P$184,"P7") | C31: =COUNTIFS('Pure'!$P$7:$P$184,"P7",'Pure'!$D$7:$D$184,"R") | D31: =COUNTIFS('Pure'!$P$7:$P$184,"P7",'Pure'!$D$7:$D$184,"A") | E31: =COUNTIFS('Pure'!$P$7:$P$184,"P7",'Pure'!$D$7:$D$184,"G") | F31: =COUNTIFS('Pure'!$P$7:$P$184,"P7",'Pure'!$D$7:$D$184,"") | G31: =IFERROR(E31/B31,0)
A32: Pure 8: Integration | B32: =COUNTIFS('Pure'!$P$7:$P$184,"P8") | C32: =COUNTIFS('Pure'!$P$7:$P$184,"P8",'Pure'!$D$7:$D$184,"R") | D32: =COUNTIFS('Pure'!$P$7:$P$184,"P8",'Pure'!$D$7:$D$184,"A") | E32: =COUNTIFS('Pure'!$P$7:$P$184,"P8",'Pure'!$D$7:$D$184,"G") | F32: =COUNTIFS('Pure'!$P$7:$P$184,"P8",'Pure'!$D$7:$D$184,"") | G32: =IFERROR(E32/B32,0)
A33: Pure 9: Numerical methods | B33: =COUNTIFS('Pure'!$P$7:$P$184,"P9") | C33: =COUNTIFS('Pure'!$P$7:$P$184,"P9",'Pure'!$D$7:$D$184,"R") | D33: =COUNTIFS('Pure'!$P$7:$P$184,"P9",'Pure'!$D$7:$D$184,"A") | E33: =COUNTIFS('Pure'!$P$7:$P$184,"P9",'Pure'!$D$7:$D$184,"G") | F33: =COUNTIFS('Pure'!$P$7:$P$184,"P9",'Pure'!$D$7:$D$184,"") | G33: =IFERROR(E33/B33,0)
A34: Pure 10: Vectors | B34: =COUNTIFS('Pure'!$P$7:$P$184,"P10") | C34: =COUNTIFS('Pure'!$P$7:$P$184,"P10",'Pure'!$D$7:$D$184,"R") | D34: =COUNTIFS('Pure'!$P$7:$P$184,"P10",'Pure'!$D$7:$D$184,"A") | E34: =COUNTIFS('Pure'!$P$7:$P$184,"P10",'Pure'!$D$7:$D$184,"G") | F34: =COUNTIFS('Pure'!$P$7:$P$184,"P10",'Pure'!$D$7:$D$184,"") | G34: =IFERROR(E34/B34,0)
