Workbook

Sheet Start here
B1: Edexcel A Level Maths
B2: A quick check of how confident you feel on every topic, so revision goes where it's needed most.
B4: How it works
A5: 1 | B5: Open the Pure / Statistics / Mechanics tabs | C5: Each topic has a yellow Rating box. Click it and pick R, A or G. That's the only thing to fill in (Notes are optional).
A7: 2 | B7: Be honest, not kind | C7: If you're torn between two colours, pick the lower one. A Green topic gets almost no time, so only use it when you're sure.
A9: 3 | B9: Take your time | C9: 236 topics, most take a glance. About 45 minutes, and it's fine to do one tab at a time.
B12: What the colours mean
B13: R · Red | C13: I can't do this yet, or I'd probably get it wrong.
B14: A · Amber | C14: I can do some of it, or I'm slow and make mistakes.
B15: G · Green | C15: I can do this confidently in exam conditions.
B17: The tabs
B18: Pure | C18: 158 topics for Paper 1 and Paper 2.
B19: Statistics | C19: 42 topics for Paper 3, Section A.
B20: Mechanics | C20: 36 topics for Paper 3, Section B.
B21: Chapter tests | C21: Real exam questions for each textbook chapter. Mark them Done as you go.
B22: Progress | C22: Fills itself in: your Red / Amber / Green totals and a practice plan.
B24: Want to check a topic first?
B25: ▶ Watch | C25: A short Maths Genie video lesson on the topic.
B26: Questions links | C26: Each link lists the questions on that topic. 'Q 3, 7' means questions 3 and 7; 'Q 4–11' means questions 4 to 11. Past-paper sheets use pages instead, e.g. 'Pages 2, 5' (their question numbers can repeat). Click to open the PDF at the first one; hover to see which parts. 'none on this topic' means that source has no question on it.
B27: Maths Genie | C27: Exam-style questions written by Maths Genie, with worked answers.
B28: PMT worksheet | C28: Physics & Maths Tutor sheets: Edexcel past-paper questions (with mark scheme and model answers), or a Solomon topic worksheet (with answers) where that covers the topic better. Set A sheets have the mark scheme at the back of the same PDF.
B29: Textbook | C29: Where it is in the Pearson textbooks (Pure 1 and 2, Applied 1 and 2), plus the questions on that topic from the chapter test (real Edexcel exam questions).
B30: Ref and Year | C30: The official specification reference (e.g. P7.4). Y1 = AS / first-year content, Y2 = second year.
B32: The exams
C33: Three 2-hour papers, 100 marks each, each worth a third: Paper 1 and Paper 2 are Pure; Paper 3 is Statistics (Section A) and Mechanics (Section B). Year 1 content is examined too, and Pure can come up on Paper 3.

Sheet Pure
A1: Pure maths
A2: Paper 1 and Paper 2 · 158 topics · pick R, A or G in the yellow Rating column for each one
A3: ="Rated so far: "&(COUNTIF($D$7:$D$184,"R")+COUNTIF($D$7:$D$184,"A")+COUNTIF($D$7:$D$184,"G"))&" of 158 Red "&COUNTIF($D$7:$D$184,"R")&" · Amber "&COUNTIF($D$7:$D$184,"A")&" · Green "&COUNTIF($D$7:$D$184,"G")
A5: Your check | F5: Maths Genie | I5: PMT worksheet | M5: Textbook chapter test
A6: Ref | B6: Topic | C6: Year | D6: Rating | E6: Notes | F6: Video | G6: Questions | H6: Answers | I6: Worksheet | J6: Questions | K6: Mark scheme | L6: Answers | M6: Textbook | N6: Questions | O6: Mark scheme
A8: 1 | B8: Proof | E8: 3 topics · Year 1: 2 · Year 2: 1
A9: P1.1 | B9: Proof by deduction and proof by exhaustion | C9: 1 | F9: ▶ Watch | G9: Q 11, 12, 14, 15, 17, 18, 28, 32 | H9: Answers | I9: Proof | J9: Pages 1–5 | K9: Marks | L9: Answers | M9: Pure 1 Ch7 | N9: Pages 1–5 | O9: Marks | P9: P1
A10: P1.1 | B10: Disproof by counter-example | C10: 1 | F10: ▶ Watch | G10: Q 8, 11, 13, 17, 18, 24, 32, 35 | H10: Answers | I10: Solomon: Mixed exam-style questions on proof | J10: Q 1, 3, 7, 8 | K10: none | L10: Answers | M10: Pure 1 Ch7 | N10: Pages 1, 3 | O10: Marks | P10: P1
A11: P1.1 | B11: Proof by contradiction (incl. √2 irrational, infinitely many primes) | C11: 2 | F11: ▶ Watch | G11: Q 13–18 | H11: Answers | I11: Proof | J11: Page 4 | K11: Marks | L11: Answers | M11: Pure 2 Ch1 | N11: Page 4 | O11: Marks | P11: P1
A13: 2 | B13: Algebra and functions | E13: 38 topics · Year 1: 25 · Year 2: 13
A14: P2.1 | B14: Laws of indices | C14: 1 | F14: ▶ Watch | G14: Q 1–6, 8, 10 | H14: Answers | I14: Exponential Equations | J14: Page 1 | K14: Marks | L14: Answers | M14: Pure 1 Ch1 | N14: Pages 1, 2, 4, 6, 7, 9 | O14: Marks | P14: P2
A15: P2.1 | B15: Negative and fractional indices | C15: 1 | F15: ▶ Watch | G15: Q 1–3 | H15: Answers | I15: Solomon: Indices | J15: Q 4–11 | K15: none | L15: Answers | M15: Pure 1 Ch1 | N15: Pages 4, 7, 8 | O15: Marks | P15: P2
A16: P2.2 | B16: Surds and rationalising the denominator | C16: 1 | F16: ▶ Watch | G16: Q 2, 3, 5, 6, 8, 9, 11 | H16: Answers | I16: Solomon: Surds | J16: Q 4, 5, 7–9, 11, 12, 15 | K16: none | L16: Answers | M16: Pure 1 Ch1 | N16: Pages 2, 5–7, 10–13 | O16: Marks | P16: P2
A17: P2.3 | B17: Solving quadratics (factorising, formula, calculator) | C17: 1 | F17: ▶ Watch | G17: Q 11, 15 | H17: Answers | I17: Quadratics | J17: Page 1 | K17: Marks | L17: Answers | M17: Pure 1 Ch2 | N17: none | P17: P2
A18: P2.3 | B18: Completing the square | C18: 1 | F18: ▶ Watch | G18: Q 1–7 | H18: Answers | I18: Quadratics | J18: Page 6 | K18: Marks | L18: Answers | M18: Pure 1 Ch2 | N18: Page 11 | O18: Marks | P18: P2
A19: P2.3 | B19: Sketching quadratic graphs and quadratic functions | C19: 1 | F19: ▶ Watch | G19: Q 12, 14, 18, 19, 24 | H19: Answers | I19: Quadratics | J19: Page 6 | K19: Marks | L19: Answers | M19: Pure 1 Ch2 | N19: Page 11 | O19: Marks | P19: P2
A20: P2.3 | B20: The discriminant (real, repeated and no roots) | C20: 1 | F20: ▶ Watch | G20: Q 1–8 | H20: Answers | I20: Circles | J20: Pages 3, 5 | K20: Marks | L20: Answers | M20: Pure 1 Ch2 | N20: Pages 3, 4, 6–10, 13 | O20: Marks | P20: P2
A21: P2.3 | B21: Hidden quadratics (quadratics in a function of x) | C21: 1 | F21: ▶ Watch | G21: Q 6, 7, 9 | H21: Answers | I21: Quadratics | J21: Pages 1, 4 | K21: Marks | L21: Answers | M21: Pure 1 Ch2 | N21: Pages 1, 3 | O21: Marks | P21: P2
A22: P2.4 | B22: Linear simultaneous equations | C22: 1 | F22: ▶ Watch | G22: none on this topic | I22: Solomon: Simultaneous equations | J22: Q 1 | K22: none | L22: Answers | M22: Pure 1 Ch3 | N22: none | P22: P2
A23: P2.4 | B23: Simultaneous equations: one linear, one quadratic | C23: 1 | F23: ▶ Watch | G23: Q 3, 5–7, 12 | H23: Answers | I23: Solomon: Simultaneous equations | J23: Q 2–5 | K23: none | L23: Answers | M23: Pure 1 Ch3 | N23: Page 8 | O23: Marks | P23: P2
A24: P2.5 | B24: Linear inequalities | C24: 1 | F24: ▶ Watch | G24: Q 8, 13 | H24: Answers | I24: Solomon: Inequalities | J24: Q 1, 2 | K24: none | L24: Answers | M24: Pure 1 Ch3 | N24: Page 5 | O24: Marks | P24: P2
A25: P2.5 | B25: Quadratic inequalities (incl. set notation answers) | C25: 1 | F25: ▶ Watch | G25: Q 1, 2, 4, 8, 9, 11, 14, 15 | H25: Answers | I25: Inequalities | J25: Page 1 | K25: Marks | L25: Answers | M25: Pure 1 Ch3 | N25: Pages 4–7, 9, 13 | O25: Marks | P25: P2
A26: P2.5 | B26: Inequalities on graphs (shading regions) | C26: 1 | F26: ▶ Watch | G26: none on this topic | I26: Inequalities | J26: Page 2 | K26: Marks | L26: Answers | M26: Pure 1 Ch3 | N26: Page 6 | O26: Marks | P26: P2
A27: P2.6 | B27: Expanding brackets and collecting like terms | C27: 1 | F27: ▶ Watch | G27: Q 13, 14 | H27: Answers | I27: Solomon: Polynomials | J27: Q 1–6 | K27: none | L27: Answers | M27: Pure 1 Ch1 | N27: none | P27: P2
A28: P2.6 | B28: Factorising (incl. cubics) | C28: 1 | F28: ▶ Watch | G28: Q 11, 12 | H28: Answers | I28: Stationary Points | J28: Page 2 | K28: Marks | L28: Answers | M28: Pure 1 Ch1 | N28: Page 5 | O28: Marks | P28: P2
A29: P2.6 | B29: Simplifying algebraic fractions (factorising and cancelling) | C29: 2 | F29: ▶ Watch | G29: none on this topic | I29: Solomon: Rational expressions (Yr 2) | J29: Q 1, 4 | K29: none | L29: Answers | M29: Pure 1 Ch7 | N29: none | P29: P2
A30: P2.6 | B30: Algebraic division | C30: 1 | F30: ▶ Watch | G30: Q 1, 2, 25, 29, 33 | H30: Answers | I30: Factor Theorem | J30: Page 1 | K30: Marks | L30: Answers | M30: Pure 1 Ch7 | N30: Pages 1, 3, 4, 6, 8, 13 | O30: Marks | P30: P2
A31: P2.6 | B31: The factor theorem | C31: 1 | F31: ▶ Watch | G31: Q 1–6, 21, 33 | H31: Answers | I31: Factor Theorem | J31: Pages 1–3, 5 | K31: Marks | L31: Answers | M31: Pure 1 Ch7 | N31: Pages 1, 3, 4, 6, 8, 13 | O31: Marks | P31: P2
A32: P2.6 | B32: Adding, subtracting, multiplying and dividing algebraic fractions | C32: 2 | F32: ▶ Watch | G32: Q 18, 19 | H32: Answers | I32: Solomon: Rational expressions (Yr 2) | J32: Q 2, 3, 5, 6, 8–10, 13 | K32: none | L32: Answers | M32: Pure 2 Ch1 | N32: Page 15 | O32: Marks | P32: P2
A33: P2.6 | B33: Algebraic division of improper fractions | C33: 2 | F33: ▶ Watch | G33: Q 5–9 | H33: Answers | I33: Composite & Inverse Functions (Yr 2) | J33: Page 2 | K33: Marks | L33: Answers | M33: Pure 2 Ch1 | N33: Page 10 | O33: Marks | P33: P2
A34: P2.7 | B34: Sketching cubic graphs | C34: 1 | F34: ▶ Watch | G34: Q 1, 7, 8, 15, 16, 18, 20, 21 | H34: Answers | I34: Transformations & Graphs | J34: Page 3 | K34: Marks | L34: Answers | M34: Pure 1 Ch4 | N34: Pages 5, 11 | O34: Marks | P34: P2
A35: P2.7 | B35: Sketching quartic graphs | C35: 1 | F35: ▶ Watch | G35: none on this topic | I35: Solomon: Graphs of functions | J35: Q 1 | K35: none | L35: Answers | M35: Pure 1 Ch4 | N35: none | P35: P2
A36: P2.7 | B36: Reciprocal graphs y = a/x and y = a/x² (asymptotes) | C36: 1 | F36: ▶ Watch | G36: Q 2, 6, 13, 14, 16, 23 | H36: Answers | I36: Transformations & Graphs | J36: Page 1 | K36: Marks | L36: Answers | M36: Pure 1 Ch4 | N36: Page 2 | O36: Marks | P36: P2
A37: P2.7 | B37: Points of intersection and solving equations graphically | C37: 1 | F37: ▶ Watch | G37: Q 2, 12, 23 | H37: Answers | I37: Transformations & Graphs | J37: Pages 3, 4 | K37: Marks | L37: Answers | M37: Pure 1 Ch4 | N37: Pages 2, 3, 11 | O37: Marks | P37: P2
A38: P2.7 | B38: Proportional relationships and their graphs | C38: 1 | F38: ▶ Watch | G38: none on this topic | I38: none for this topic | J38: none on this topic | M38: Pure 1 Ch4 | N38: none | P38: P2
A39: P2.7 | B39: The modulus function and its graph y = |ax + b| | C39: 2 | F39: ▶ Watch | G39: Q 7, 10, 16–18, 22, 30 | H39: Answers | I39: Modulus of Functions (Yr 2) | J39: Page 1 | K39: Marks | L39: Answers | M39: Pure 2 Ch2 | N39: Pages 1, 3, 5, 6, 8, 10 | O39: Marks | P39: P2
A40: P2.7 | B40: Solving modulus equations and inequalities | C40: 2 | F40: ▶ Watch | G40: Q 7, 8, 16, 22, 25, 28, 30, 34 | H40: Answers | I40: Modulus of Functions (Yr 2) | J40: Pages 1–3 | K40: Marks | L40: Answers | M40: Pure 2 Ch2 | N40: Pages 1, 3, 5, 8–10 | O40: Marks | P40: P2
A41: P2.8 | B41: Functions and mappings: domain and range | C41: 2 | F41: ▶ Watch | G41: Q 6, 11, 20, 21, 23, 24, 29 | H41: Answers | I41: Composite & Inverse Functions (Yr 2) | J41: Page 2 | K41: Marks | L41: Answers | M41: Pure 2 Ch2 | N41: Pages 3, 8–10, 13, 15 | O41: Marks | P41: P2
A42: P2.8 | B42: Composite functions | C42: 2 | F42: ▶ Watch | G42: Q 1, 4, 8, 12, 26, 29, 32 | H42: Answers | I42: Composite & Inverse Functions (Yr 2) | J42: Pages 1–3 | K42: Marks | L42: Answers | M42: Pure 2 Ch2 | N42: Pages 1, 5, 7–9, 12, 14, 16 | O42: Marks | P42: P2
A43: P2.8 | B43: Inverse functions and their graphs | C43: 2 | F43: ▶ Watch | G43: Q 2, 5, 8, 13, 19, 27, 31, 33 | H43: Answers | I43: Composite & Inverse Functions (Yr 2) | J43: Pages 1–3 | K43: Marks | L43: Answers | M43: Pure 2 Ch2 | N43: Pages 1, 4, 8–11, 14, 15 | O43: Marks | P43: P2
A44: P2.9 | B44: Translating graphs: y = f(x) + a and y = f(x + a) | C44: 1 | F44: ▶ Watch | G44: Q 1, 7–9, 13, 14, 20, 24 | H44: Answers | I44: Solomon: Transformations of graphs | J44: Q 1–4, 7, 9, 11, 12 | K44: none | L44: Answers | M44: Pure 1 Ch4 | N44: Pages 3, 5, 10 | O44: Marks | P44: P2
A45: P2.9 | B45: Stretching graphs: y = af(x) and y = f(ax) | C45: 1 | F45: ▶ Watch | G45: Q 4, 5, 17, 19, 22 | H45: Answers | I45: Stationary Points | J45: Page 1 | K45: Marks | L45: Answers | M45: Pure 1 Ch4 | N45: Pages 10, 12 | O45: Marks | P45: P2
A46: P2.9 | B46: Transforming functions (incl. reflections y = −f(x), y = f(−x)) | C46: 1 | F46: ▶ Watch | G46: Q 1, 3, 7 | H46: Answers | I46: Solomon: Transformations of graphs | J46: Q 1–5, 7, 11, 13 | K46: none | L46: Answers | M46: Pure 1 Ch4 | N46: Page 9 | O46: Marks | P46: P2
A47: P2.9 | B47: y = |f(x)| and y = f(|x|) | C47: 2 | F47: ▶ Watch | G47: Q 8, 35, 36 | H47: Answers | I47: Solomon: The modulus function (Yr 2) | J47: Q 3, 4, 7 | K47: none | L47: Answers | M47: Pure 2 Ch2 | N47: Pages 4, 7, 9, 11, 14, 16 | O47: Marks | P47: P2
A48: P2.9 | B48: Combining transformations | C48: 2 | F48: ▶ Watch | G48: Q 11, 28, 35, 36 | H48: Answers | I48: Modulus of Functions (Yr 2) | J48: Page 1 | K48: Marks | L48: Answers | M48: Pure 2 Ch2 | N48: Pages 4, 6, 11, 14–16 | O48: Marks | P48: P2
A49: P2.10 | B49: Partial fractions (distinct linear factors) | C49: 2 | F49: ▶ Watch | G49: Q 1, 2, 5, 6, 8 | H49: Answers | I49: Partial Fractions (Yr 2) | J49: Pages 2, 3 | K49: Marks | L49: Answers | M49: Pure 2 Ch1 | N49: Pages 8, 11, 16 | O49: Marks | P49: P2
A50: P2.10 | B50: Partial fractions with repeated factors | C50: 2 | F50: ▶ Watch | G50: Q 3, 4, 10, 12 | H50: Answers | I50: Partial Fractions (Yr 2) | J50: Page 1 | K50: Marks | L50: Answers | M50: Pure 2 Ch1 | N50: Page 10 | O50: Marks | P50: P2
A51: P2.11 | B51: Using functions in modelling (limitations and refinements) | C51: 2 | F51: ▶ Watch | G51: Q 17, 21, 25 | H51: Answers | I51: Quadratics | J51: Pages 7, 8 | K51: Marks | L51: Answers | M51: Pure 1 Ch2 | N51: Pages 1, 2 | O51: Marks | P51: P2
A53: 3 | B53: Coordinate geometry in the (x, y) plane | E53: 15 topics · Year 1: 10 · Year 2: 5
A54: P3.1 | B54: y = mx + c and gradients | C54: 1 | F54: ▶ Watch | G54: Q 1, 4, 6, 10 | H54: Answers | I54: Solomon: Equations of straight lines | J54: Q 1–3, 5, 7, 9, 12, 19 | K54: none | L54: Answers | M54: Pure 1 Ch5 | N54: Pages 5, 6, 10, 11 | O54: Marks | P54: P3
A55: P3.1 | B55: Equations of straight lines: y − y₁ = m(x − x₁) and ax + by + c = 0 | C55: 1 | F55: ▶ Watch | G55: Q 1, 3, 4, 6, 8–11 | H55: Answers | I55: Straight Lines | J55: Page 1 | K55: Marks | L55: Answers | M55: Pure 1 Ch5 | N55: Pages 5, 6, 8–13 | O55: Marks | P55: P3
A56: P3.1 | B56: Parallel and perpendicular lines | C56: 1 | F56: ▶ Watch | G56: Q 2, 6, 8, 10, 13, 15, 17, 18 | H56: Answers | I56: Straight Lines | J56: Page 1 | K56: Marks | L56: Answers | M56: Pure 1 Ch5 | N56: Pages 1, 2, 6, 9–13 | O56: Marks | P56: P3
A57: P3.1 | B57: Length of a line segment and areas of shapes | C57: 1 | F57: ▶ Watch | G57: Q 3, 5, 9, 11, 17 | H57: Answers | I57: Straight Lines | J57: Page 1 | K57: Marks | L57: Answers | M57: Pure 1 Ch5 | N57: Pages 10, 13 | O57: Marks | P57: P3
A58: P3.1 | B58: Straight-line models in context | C58: 1 | F58: ▶ Watch | G58: Q 19, 21 | H58: Answers | I58: Linear Models | J58: Pages 2, 4 | K58: Marks | L58: Answers | M58: Pure 1 Ch5 | N58: Pages 3, 4 | O58: Marks | P58: P3
A59: P3.2 | B59: Midpoints and perpendicular bisectors | C59: 1 | F59: ▶ Watch | G59: Q 4, 5, 14, 16, 22 | H59: Answers | I59: Solomon: Coordinate geometry – further questions | J59: Q 2, 3, 5, 7 | K59: none | L59: Answers | M59: Pure 1 Ch6 | N59: Pages 8, 12, 14 | O59: Marks | P59: P3
A60: P3.2 | B60: Equation of a circle (completing the square for centre and radius) | C60: 1 | F60: ▶ Watch | G60: Q 1, 2, 5, 7, 11, 12, 14, 20 | H60: Answers | I60: Circles | J60: Pages 1–5 | K60: Marks | L60: Answers | M60: Pure 1 Ch6 | N60: Pages 1–3, 5–7, 9, 10 | O60: Marks | P60: P3
A61: P3.2 | B61: Intersections of straight lines and circles | C61: 1 | F61: ▶ Watch | G61: Q 4, 7, 11, 15, 16, 18, 27, 28 | H61: Answers | I61: Circles | J61: Pages 3, 5 | K61: Marks | L61: Answers | M61: Pure 1 Ch6 | N61: Pages 1, 5, 9, 10 | O61: Marks | P61: P3
A62: P3.2 | B62: Tangent and chord properties | C62: 1 | F62: ▶ Watch | G62: Q 3, 5, 9, 10, 13, 17, 21, 24 | H62: Answers | I62: Circles | J62: Page 3 | K62: Marks | L62: Answers | M62: Pure 1 Ch6 | N62: Pages 2–4, 6, 10, 12–14 | O62: Marks | P62: P3
A63: P3.2 | B63: Circles and triangles (circumcircles, angle in a semicircle) | C63: 1 | F63: ▶ Watch | G63: Q 6 | H63: Answers | I63: Solomon: Circles | J63: Q 6, 11 | K63: none | L63: Answers | M63: Pure 1 Ch6 | N63: none | P63: P3
A64: P3.3 | B64: Parametric equations: converting to Cartesian form | C64: 2 | F64: ▶ Watch | G64: Q 1, 4, 5 | H64: Answers | I64: Parametric Equations (Yr 2) | J64: Pages 1, 2 | K64: Marks | L64: Answers | M64: Pure 2 Ch8 | N64: Pages 7, 8, 10 | O64: Marks | P64: P3
A65: P3.3 | B65: Parametric equations using trig identities | C65: 2 | F65: ▶ Watch | G65: Q 1, 4, 5, 7, 8 | H65: Answers | I65: Parametric Differentiation (Yr 2) | J65: Page 2 | K65: Marks | L65: Answers | M65: Pure 2 Ch8 | N65: Pages 1, 5, 6, 12–14 | O65: Marks | P65: P3
A66: P3.3 | B66: Sketching parametric curves | C66: 2 | F66: ▶ Watch | G66: Q 1, 5–8 | H66: Answers | I66: Solomon: Parametric equations (Yr 2) | J66: Q 4, 6, 8 | K66: none | L66: Answers | M66: Pure 2 Ch8 | N66: Page 1 | O66: Marks | P66: P3
A67: P3.3 | B67: Points of intersection with parametric curves | C67: 2 | F67: ▶ Watch | G67: Q 2, 9 | H67: Answers | I67: Parametric Differentiation (Yr 2) | J67: Page 2 | K67: Marks | L67: Answers | M67: Pure 2 Ch8 | N67: Pages 1–4, 6, 7, 11 | O67: Marks | P67: P3
A68: P3.4 | B68: Modelling with parametric equations | C68: 2 | F68: ▶ Watch | G68: none on this topic | I68: none for this topic | J68: none on this topic | M68: Pure 2 Ch8 | N68: Page 1 | O68: Marks | P68: P3
A70: 4 | B70: Sequences and series | E70: 16 topics · Year 1: 4 · Year 2: 12
A71: P4.1 | B71: Pascal's triangle, factorials and nCr notation | C71: 1 | F71: ▶ Watch | G71: Q 12 | H71: Answers | I71: none for this topic | J71: none on this topic | M71: Pure 1 Ch8 | N71: none | P71: P4
A72: P4.1 | B72: Binomial expansion of (a + bx)ⁿ for positive integer n | C72: 1 | F72: ▶ Watch | G72: Q 1, 2, 4, 6, 7, 15, 17, 20 | H72: Answers | I72: Binomial Expansion | J72: Page 2 | K72: Marks | L72: Answers | M72: Pure 1 Ch8 | N72: Pages 1, 2, 5–8, 12, 13 | O72: Marks | P72: P4
A73: P4.1 | B73: Solving binomial problems (finding unknowns and coefficients) | C73: 1 | F73: ▶ Watch | G73: Q 2, 5, 7, 9, 10, 12, 16, 18 | H73: Answers | I73: Binomial Expansion | J73: Pages 1–3 | K73: Marks | L73: Answers | M73: Pure 1 Ch8 | N73: Pages 1, 3, 6, 9–13 | O73: Marks | P73: P4
A74: P4.1 | B74: Binomial estimation (approximations) | C74: 1 | F74: ▶ Watch | G74: Q 1, 4, 11, 19 | H74: Answers | I74: Solomon: Binomial expansions – further questions | J74: Q 5, 6, 11, 13 | K74: none | L74: Answers | M74: Pure 1 Ch8 | N74: Pages 1, 3, 7 | O74: none | P74: P4
A75: P4.1 | B75: Binomial expansion of (1 + x)ⁿ for rational n, and validity | C75: 2 | F75: ▶ Watch | G75: Q 1, 4, 7, 9, 14, 15, 17, 18 | H75: Answers | I75: Solomon: Binomial expansions (Yr 2) | J75: Q 1–6 | K75: none | L75: Answers | M75: Pure 2 Ch4 | N75: Pages 1, 7, 10 | O75: none | P75: P4
A76: P4.1 | B76: Binomial expansion of (a + bx)ⁿ for rational n | C76: 2 | F76: ▶ Watch | G76: Q 2, 3, 5, 6, 8, 10, 13, 16 | H76: Answers | I76: Binomial Expansion (Yr 2) | J76: Pages 2, 3 | K76: Marks | L76: Answers | M76: Pure 2 Ch4 | N76: Pages 2, 3, 5, 6, 9, 12, 13 | O76: none | P76: P4
A77: P4.1 | B77: Binomial expansion using partial fractions | C77: 2 | F77: ▶ Watch | G77: none on this topic | I77: Binomial Expansion (Yr 2) | J77: Page 1 | K77: Marks | L77: Answers | M77: Pure 2 Ch4 | N77: Pages 8, 11 | O77: none | P77: P4
A78: P4.2 | B78: Recurrence relations uₙ₊₁ = f(uₙ) | C78: 2 | F78: ▶ Watch | G78: Q 14–18, 29 | H78: Answers | I78: Sequences and Series (Yr 2) | J78: Pages 1, 5 | K78: Marks | L78: Answers | M78: Pure 2 Ch3 | N78: Pages 5, 9, 10, 12 | O78: Marks | P78: P4
A79: P4.2 | B79: Increasing, decreasing and periodic sequences | C79: 2 | F79: ▶ Watch | G79: Q 20, 24 | H79: Answers | I79: Sequences and Series (Yr 2) | J79: Pages 4, 5 | K79: Marks | L79: Answers | M79: Pure 2 Ch3 | N79: Pages 1, 3, 5, 11 | O79: Marks | P79: P4
A80: P4.3 | B80: Sigma notation | C80: 2 | F80: ▶ Watch | G80: Q 15, 20, 22, 24, 28, 30, 31, 35 | H80: Answers | I80: Sequences and Series (Yr 2) | J80: Pages 2, 4, 5 | K80: Marks | L80: Answers | M80: Pure 2 Ch3 | N80: Pages 1, 2, 7, 9–12 | O80: Marks | P80: P4
A81: P4.4 | B81: Arithmetic sequences | C81: 2 | F81: ▶ Watch | G81: Q 2, 4–6, 34, 36 | H81: Answers | I81: Arithmetic Sequences (Yr 2) | J81: Page 1 | K81: Marks | L81: Answers | M81: Pure 2 Ch3 | N81: Pages 4, 7, 11 | O81: Marks | P81: P4
A82: P4.4 | B82: Arithmetic series (incl. proof of the sum formula) | C82: 2 | F82: ▶ Watch | G82: Q 1, 3–5, 7, 26, 27, 36 | H82: Answers | I82: Arithmetic Sequences (Yr 2) | J82: Pages 1, 2, 4 | K82: Marks | L82: Answers | M82: Pure 2 Ch3 | N82: Pages 6, 8, 11, 13 | O82: Marks | P82: P4
A83: P4.5 | B83: Geometric sequences | C83: 2 | F83: ▶ Watch | G83: Q 9, 10, 12, 13, 21, 32, 33 | H83: Answers | I83: Geometric Series (Yr 2) | J83: Pages 1, 3, 4 | K83: Marks | L83: Answers | M83: Pure 2 Ch3 | N83: Pages 12, 14, 17 | O83: Marks | P83: P4
A84: P4.5 | B84: Geometric series (incl. proof of the sum formula, using logs to find n) | C84: 2 | F84: ▶ Watch | G84: Q 8–11, 13, 21, 33, 35 | H84: Answers | I84: Geometric Series (Yr 2) | J84: Page 1 | K84: Marks | L84: Answers | M84: Pure 2 Ch3 | N84: Pages 4, 12, 14–17 | O84: Marks | P84: P4
A85: P4.5 | B85: Sum to infinity and convergence (|r| < 1) | C85: 2 | F85: ▶ Watch | G85: Q 10–12, 22, 32, 38 | H85: Answers | I85: Geometric Series (Yr 2) | J85: Pages 2–4 | K85: Marks | L85: Answers | M85: Pure 2 Ch3 | N85: Pages 2, 12, 15, 16 | O85: Marks | P85: P4
A86: P4.6 | B86: Modelling with sequences and series | C86: 2 | F86: ▶ Watch | G86: Q 4, 6, 7, 13, 21, 23, 33, 34 | H86: Answers | I86: Geometric Series (Yr 2) | J86: Page 1 | K86: Marks | L86: Answers | M86: Pure 2 Ch3 | N86: Pages 3–7, 9, 10, 12 | O86: Marks | P86: P4
A88: 5 | B88: Trigonometry | E88: 25 topics · Year 1: 10 · Year 2: 15
A89: P5.1 | B89: The cosine rule | C89: 1 | F89: ▶ Watch | G89: Q 1–3, 6, 7, 10, 15, 19 | H89: Answers | I89: Sine and Cosine Rule | J89: Pages 1–3 | K89: Marks | L89: Answers | M89: Pure 1 Ch9 | N89: Pages 1, 2, 6, 7 | O89: Marks | P89: P5
A90: P5.1 | B90: The sine rule (incl. the ambiguous case) | C90: 1 | F90: ▶ Watch | G90: Q 3, 5, 9, 11, 16 | H90: Answers | I90: Sine and Cosine Rule | J90: Page 2 | K90: Marks | L90: Answers | M90: Pure 1 Ch9 | N90: Pages 3–5, 7 | O90: Marks | P90: P5
A91: P5.1 | B91: Area of a triangle ½ab sin C | C91: 1 | F91: ▶ Watch | G91: Q 1, 2, 4, 7, 8, 11, 12, 20 | H91: Answers | I91: Sine and Cosine Rule | J91: Page 1 | K91: Marks | L91: Answers | M91: Pure 1 Ch9 | N91: Pages 1, 2, 4, 6 | O91: Marks | P91: P5
A92: P5.1 | B92: Solving triangle problems (bearings, multi-step) | C92: 1 | F92: ▶ Watch | G92: Q 3, 4, 9, 10, 15–17 | H92: Answers | I92: Sine and Cosine Rule | J92: Pages 1–3 | K92: Marks | L92: Answers | M92: Pure 1 Ch9 | N92: Pages 3, 4, 7 | O92: Marks | P92: P5
A93: P5.1 | B93: Trig ratios for any angle (unit circle, all four quadrants) | C93: 1 | F93: ▶ Watch | G93: Q 21 | H93: Answers | I93: Solomon: Trigonometric ratios and graphs | J93: Q 2 | K93: none | L93: Answers | M93: Pure 1 Ch10 | N93: none | P93: P5
A94: P5.1 | B94: Radian measure | C94: 2 | F94: ▶ Watch | G94: Q 10 | H94: Answers | I94: Solomon: Radians, arcs and sectors (Yr 2) | J94: Q 1–4 | K94: none | L94: Answers | M94: Pure 2 Ch5 | N94: Page 2 | O94: Marks | P94: P5
A95: P5.1 | B95: Arc length and sector area | C95: 2 | F95: ▶ Watch | G95: Q 5–8, 10, 12, 17, 18 | H95: Answers | I95: Arc Length and Sector Area (Yr 2) | J95: Pages 1–3 | K95: Marks | L95: Answers | M95: Pure 2 Ch5 | N95: Pages 1, 3–6, 8, 10, 12 | O95: Marks | P95: P5
A96: P5.1 | B96: Areas of segments | C96: 2 | F96: ▶ Watch | G96: Q 6, 13 | H96: Answers | I96: Set A: Arc length and Sector area (Yr 2) | J96: Pages 7, 10, 16, 18 | K96: in the PDF | L96: in the PDF | M96: Pure 2 Ch5 | N96: Pages 7, 9 | O96: Marks | P96: P5
A97: P5.2 | B97: Small angle approximations | C97: 2 | F97: ▶ Watch | G97: Q 1–4, 9, 11, 14, 15 | H97: Answers | I97: Small Angle Approximation (Yr 2) | J97: Pages 1, 2 | K97: Marks | L97: Answers | M97: Pure 2 Ch5 | N97: Pages 20, 21 | O97: Marks | P97: P5
A98: P5.3 | B98: Graphs of sin, cos and tan (symmetry and periodicity) | C98: 1 | F98: ▶ Watch | G98: Q 28 | H98: Answers | I98: Trigonometric Identities | J98: Page 2 | K98: Marks | L98: Answers | M98: Pure 1 Ch9 | N98: none | P98: P5
A99: P5.3 | B99: Transforming trig graphs | C99: 1 | F99: ▶ Watch | G99: Q 13, 14 | H99: Answers | I99: Solomon: Trigonometric ratios and graphs | J99: Q 7–12 | K99: none | L99: Answers | M99: Pure 1 Ch9 | N99: Pages 3, 11 | O99: Marks | P99: P5
A100: P5.3 | B100: Exact values of sin, cos and tan (degrees and radians) | C100: 2 | F100: ▶ Watch | G100: none on this topic | I100: Solomon: Trigonometric ratios and graphs | J100: Q 2, 4 | K100: none | L100: Answers | M100: Pure 1 Ch10 | N100: none | P100: P5
A101: P5.4 | B101: Sec, cosec and cot: definitions and exact values | C101: 2 | F101: ▶ Watch | G101: Q 2–4, 6, 7, 15 | H101: Answers | I101: Solomon: Secant, cosecant and cotangent (Yr 2) | J101: Q 1–6, 15 | K101: none | L101: Answers | M101: Pure 2 Ch6 | N101: Page 6 | O101: Marks | P101: P5
A102: P5.4 | B102: Graphs of sec x, cosec x and cot x | C102: 2 | F102: ▶ Watch | G102: Q 1 | H102: Answers | I102: Solomon: Secant, cosecant and cotangent (Yr 2) | J102: Q 7–9 | K102: none | L102: Answers | M102: Pure 2 Ch6 | N102: none | P102: P5
A103: P5.4 | B103: Inverse trig functions: arcsin, arccos, arctan (domain, range, graphs) | C103: 2 | F103: ▶ Watch | G103: Q 20 | H103: Answers | I103: Solomon: Inverse trigonometric functions (Yr 2) | J103: Q 1–5, 7–9 | K103: none | L103: Answers | M103: Pure 2 Ch6 | N103: Page 18 | O103: Marks | P103: P5
A104: P5.5 | B104: Identities tan θ = sin θ / cos θ and sin²θ + cos²θ = 1 (incl. simple proofs) | C104: 1 | F104: ▶ Watch | G104: Q 6, 7, 11–13, 21, 24, 27 | H104: Answers | I104: Trigonometric Identities | J104: Pages 1, 2 | K104: Marks | L104: Answers | M104: Pure 1 Ch10 | N104: Pages 1, 2, 5–8, 10 | O104: Marks | P104: P5
A105: P5.5 | B105: Identities sec²θ = 1 + tan²θ and cosec²θ = 1 + cot²θ | C105: 2 | F105: ▶ Watch | G105: Q 8–13, 16, 18 | H105: Answers | I105: Solomon: Pythagorean identities (Yr 2) | J105: Q 1–8 | K105: none | L105: Answers | M105: Pure 2 Ch6 | N105: Pages 12, 13, 16 | O105: Marks | P105: P5
A106: P5.6 | B106: Addition formulae: sin(A ± B), cos(A ± B), tan(A ± B) and their geometric proofs | C106: 2 | F106: ▶ Watch | G106: Q 1–3, 16, 18, 24, 25, 27 | H106: Answers | I106: Trigonometric Identities (Yr 2) | J106: Page 1 | K106: Marks | L106: Answers | M106: Pure 2 Ch7 | N106: Pages 5, 7, 8, 11, 15, 19 | O106: Marks | P106: P5
...

Sheet Statistics
A1: Statistics
A2: Paper 3, Section A · 42 topics · pick R, A or G in the yellow Rating column for each one
A3: ="Rated so far: "&(COUNTIF($D$7:$D$58,"R")+COUNTIF($D$7:$D$58,"A")+COUNTIF($D$7:$D$58,"G"))&" of 42 Red "&COUNTIF($D$7:$D$58,"R")&" · Amber "&COUNTIF($D$7:$D$58,"A")&" · Green "&COUNTIF($D$7:$D$58,"G")
A5: Your check | F5: Maths Genie | I5: PMT worksheet | M5: Textbook chapter test
A6: Ref | B6: Topic | C6: Year | D6: Rating | E6: Notes | F6: Video | G6: Questions | H6: Answers | I6: Worksheet | J6: Questions | K6: Mark scheme | L6: Answers | M6: Textbook | N6: Questions | O6: Mark scheme
A8: 1 | B8: Statistical sampling | E8: 3 topics · Year 1: 3
A9: S1.1 | B9: Populations, samples and census | C9: 1 | F9: ▶ Watch | G9: Q 2, 3 | H9: Answers | I9: Set A: Sampling methods 1 | J9: Pages 1–5 | K9: in the PDF | L9: in the PDF | M9: Applied 1 Ch1 | N9: Page 11 | O9: Marks | P9: S1
A10: S1.1 | B10: Random sampling: simple random, systematic, stratified | C10: 1 | F10: ▶ Watch | G10: Q 1, 4, 6, 7 | H10: Answers | I10: Set A: Sampling methods 2 | J10: Pages 1–5 | K10: in the PDF | L10: in the PDF | M10: Applied 1 Ch1 | N10: Page 2 | O10: Marks | P10: S1
A11: S1.1 | B11: Non-random sampling: quota and opportunity | C11: 1 | F11: ▶ Watch | G11: Q 1, 3, 5 | H11: Answers | I11: Set A: Sampling methods 2 | J11: Pages 2–5 | K11: in the PDF | L11: in the PDF | M11: Applied 1 Ch1 | N11: Page 5 | O11: Marks | P11: S1
A13: 2 | B13: Data presentation and interpretation | E13: 14 topics · Year 1: 13 · Year 2: 1
A14: S2.3 | B14: Types of data (qualitative, discrete, continuous, grouped) | C14: 1 | F14: ▶ Watch | G14: none on this topic | I14: none for this topic | J14: none on this topic | M14: Applied 1 Ch1 | N14: none | P14: S2
A15: S2.3 | B15: Mean, median and mode (incl. grouped data) | C15: 1 | F15: ▶ Watch | G15: Q 1–4 | H15: Answers | I15: Data Presentation | J15: Pages 1–3 | K15: Marks | L15: Answers | M15: Applied 1 Ch2 | N15: Pages 1, 3, 8, 9, 11–13, 16 | O15: Marks | P15: S2
A16: S2.3 | B16: Quartiles, percentiles and interpolation | C16: 1 | F16: ▶ Watch | G16: Q 1–4 | H16: Answers | I16: Data Presentation | J16: Pages 1, 2 | K16: Marks | L16: Answers | M16: Applied 1 Ch2 | N16: Pages 1, 3, 8, 9, 11, 12, 16 | O16: Marks | P16: S2
A17: S2.3 | B17: Range, IQR, variance and standard deviation | C17: 1 | F17: ▶ Watch | G17: Q 1–7 | H17: Answers | I17: Large data sets (Yr 2) | J17: Pages 1–4 | K17: Marks | L17: Answers | M17: Applied 1 Ch2 | N17: Pages 2, 3, 5, 6, 9, 12, 13 | O17: Marks | P17: S2
A18: S2.3 | B18: Coding | C18: 1 | F18: ▶ Watch | G18: Q 2 | H18: Answers | I18: Large data sets (Yr 2) | J18: Page 1 | K18: Marks | L18: Answers | M18: Applied 1 Ch2 | N18: Page 13 | O18: Marks | P18: S2
A19: S2.1 | B19: Box plots | C19: 1 | F19: ▶ Watch | G19: Q 5–7, 9 | H19: Answers | I19: Set A: Representation and summary data | J19: Pages 13, 19, 24–26, 30, 32, 33 | K19: in the PDF | L19: in the PDF | M19: Applied 1 Ch3 | N19: Pages 2, 8, 15 | O19: Marks | P19: S2
A20: S2.1 | B20: Cumulative frequency diagrams | C20: 1 | F20: ▶ Watch | G20: none on this topic | I20: none for this topic | J20: none on this topic | M20: Applied 1 Ch3 | N20: none | P20: S2
A21: S2.1 | B21: Histograms (frequency density) and frequency polygons | C21: 1 | F21: ▶ Watch | G21: Q 1–4, 10 | H21: Answers | I21: Data Presentation | J21: Pages 1–4 | K21: Marks | L21: Answers | M21: Applied 1 Ch3 | N21: Pages 1, 4, 7, 10–12, 14, 16 | O21: Marks | P21: S2
A22: S2.4 | B22: Outliers and cleaning data | C22: 1 | F22: ▶ Watch | G22: Q 5–7, 9 | H22: Answers | I22: Data Presentation | J22: Page 1 | K22: Marks | L22: Answers | M22: Applied 1 Ch3 | N22: Pages 1, 3, 8, 15 | O22: Marks | P22: S2
A23: S2.4 | B23: Comparing distributions | C23: 1 | F23: ▶ Watch | G23: Q 7, 8 | H23: Answers | I23: Large data sets | J23: Page 5 | K23: Marks | L23: Answers | M23: Applied 1 Ch3 | N23: Pages 8, 16 | O23: Marks | P23: S2
A24: S2.2 | B24: Scatter diagrams and correlation (correlation vs causation) | C24: 1 | F24: ▶ Watch | G24: Q 1, 2 | H24: Answers | I24: Regression and Correlation | J24: Pages 1, 2, 4 | K24: Marks | L24: Answers | M24: Applied 1 Ch4 | N24: Pages 1, 3, 5 | O24: Marks | P24: S2
A25: S2.2 | B25: Linear regression lines (interpolation and extrapolation) | C25: 1 | F25: ▶ Watch | G25: Q 2, 3 | H25: Answers | I25: Regression and Correlation | J25: Page 1 | K25: Marks | L25: Answers | M25: Applied 1 Ch4 | N25: Pages 1, 2, 5 | O25: Marks | P25: S2
A26: S2.2 | B26: Exponential models and log coding (y = axⁿ, y = kbˣ) | C26: 2 | F26: ▶ Watch | G26: Q 6–9 | H26: Answers | I26: Regression and Correlation | J26: Page 4 | K26: Marks | L26: Answers | M26: Applied 2 Ch1 | N26: none | P26: S2
A27: LDS | B27: The large data set (context and familiarity) | C27: 1 | F27: ▶ Watch | G27: none on this topic | I27: Large data sets | J27: Pages 1, 2, 4–6 | K27: Marks | L27: Answers | M27: Applied 1 Ch1 | N27: Pages 2, 3, 6 | O27: Marks | P27: S2
A29: 3 | B29: Probability | E29: 10 topics · Year 1: 4 · Year 2: 6
A30: S3.1 | B30: Calculating probabilities and sample spaces | C30: 1 | F30: ▶ Watch | G30: Q 3, 5, 6 | H30: Answers | I30: Probability | J30: Pages 2, 4 | K30: Marks | L30: Answers | M30: Applied 1 Ch5 | N30: Pages 1, 4, 6 | O30: Marks | P30: S3
A31: S3.1 | B31: Venn diagrams | C31: 1 | F31: ▶ Watch | G31: Q 1–7 | H31: Answers | I31: Probability | J31: Pages 5, 9, 11 | K31: Marks | L31: Answers | M31: Applied 1 Ch5 | N31: Pages 3, 5, 7, 9 | O31: Marks | P31: S3
A32: S3.1 | B32: Mutually exclusive and independent events | C32: 1 | F32: ▶ Watch | G32: Q 1, 2, 4–6 | H32: Answers | I32: Probability | J32: Pages 5, 11 | K32: Marks | L32: Answers | M32: Applied 1 Ch5 | N32: Pages 3, 5, 7 | O32: Marks | P32: S3
A33: S3.1 | B33: Tree diagrams | C33: 1 | F33: ▶ Watch | G33: Q 5, 6 | H33: Answers | I33: Probability | J33: Page 2 | K33: Marks | L33: Answers | M33: Applied 1 Ch5 | N33: Pages 1, 6, 8 | O33: Marks | P33: S3
A34: S3.1 | B34: Set notation for probability | C34: 2 | F34: ▶ Watch | G34: Q 1–4 | H34: Answers | I34: Probability (Yr 2) | J34: Pages 3, 5, 6 | K34: Marks | L34: Answers | M34: Applied 2 Ch2 | N34: Pages 6–8, 11, 15, 19 | O34: Marks | P34: S3
A35: S3.2 | B35: Conditional probability (incl. two-way tables) | C35: 2 | F35: ▶ Watch | G35: Q 1, 2, 4–8, 10 | H35: Answers | I35: Conditional Probability (Yr 2) | J35: Pages 1, 2, 5 | K35: Marks | L35: Answers | M35: Applied 2 Ch2 | N35: Pages 9, 10, 12, 14, 16–18, 21 | O35: Marks | P35: S3
A36: S3.2 | B36: Conditional probability with Venn diagrams | C36: 2 | F36: ▶ Watch | G36: Q 7, 10 | H36: Answers | I36: Conditional Probability (Yr 2) | J36: Pages 1, 2, 4 | K36: Marks | L36: Answers | M36: Applied 2 Ch2 | N36: Pages 4, 7, 9, 14, 16, 19, 20 | O36: Marks | P36: S3
A37: S3.2 | B37: Probability formulae: P(A ∪ B) and P(A | B) | C37: 2 | F37: ▶ Watch | G37: Q 1–4 | H37: Answers | I37: Probability (Yr 2) | J37: Pages 5, 6 | K37: Marks | L37: Answers | M37: Applied 2 Ch2 | N37: Pages 6, 7, 11, 15, 19 | O37: Marks | P37: S3
A38: S3.2 | B38: Conditional probability with tree diagrams | C38: 2 | F38: ▶ Watch | G38: Q 5, 6, 8 | H38: Answers | I38: Set A: Probability (Yr 2) | J38: Pages 1, 4, 8, 11, 19 | K38: in the PDF | L38: in the PDF | M38: Applied 2 Ch2 | N38: Pages 8, 10, 17, 18 | O38: Marks | P38: S3
A39: S3.3 | B39: Modelling with probability: critiquing assumptions (e.g. a fair die) | C39: 2 | F39: ▶ Watch | G39: Q 12, 14 | H39: Answers | I39: Conditional Probability (Yr 2) | J39: Page 5 | K39: Marks | L39: Answers | M39: Applied 2 Ch2 | N39: Pages 1, 2 | O39: Marks | P39: S3
A41: 4 | B41: Statistical distributions | E41: 8 topics · Year 1: 3 · Year 2: 5
A42: S4.1 | B42: Discrete random variables, probability distributions and the discrete uniform distribution | C42: 1 | F42: ▶ Watch | G42: Q 1–4, 9, 11, 13, 15 | H42: Answers | I42: Probability | J42: Pages 4, 6, 8 | K42: Marks | L42: Answers | M42: Applied 1 Ch6 | N42: Pages 1, 2, 5 | O42: Marks | P42: S4
A43: S4.1 | B43: The binomial distribution B(n, p) | C43: 1 | F43: ▶ Watch | G43: Q 5–8, 10, 12, 14 | H43: Answers | I43: Binomial Distribution | J43: Pages 1, 3–5 | K43: Marks | L43: Answers | M43: Applied 1 Ch6 | N43: Pages 1, 2, 4–6 | O43: Marks | P43: S4
A44: S4.1 | B44: Cumulative binomial probabilities | C44: 1 | F44: ▶ Watch | G44: Q 5–8, 10, 14 | H44: Answers | I44: Binomial Distribution | J44: Pages 1, 3–5 | K44: Marks | L44: Answers | M44: Applied 1 Ch6 | N44: Pages 1, 2, 4–6 | O44: Marks | P44: S4
A45: S4.2 | B45: The normal distribution: properties (incl. inflection at μ ± σ) and finding probabilities | C45: 2 | F45: ▶ Watch | G45: Q 1, 2, 8, 9, 11 | H45: Answers | I45: Normal Distribution (Yr 2) | J45: Page 1 | K45: Marks | L45: Answers | M45: Applied 2 Ch3 | N45: Pages 1, 19–24, 26 | O45: Marks | P45: S4
A46: S4.2 | B46: The inverse normal distribution | C46: 2 | F46: ▶ Watch | G46: Q 3, 12 | H46: Answers | I46: Normal Distribution (Yr 2) | J46: Page 1 | K46: Marks | L46: Answers | M46: Applied 2 Ch3 | N46: Pages 4, 20–24, 27 | O46: Marks | P46: S4
A47: S4.2 | B47: Standard normal Z and finding an unknown mean or standard deviation | C47: 2 | F47: ▶ Watch | G47: Q 4–7, 12 | H47: Answers | I47: Binomial Distribution | J47: Page 4 | K47: Marks | L47: Answers | M47: Applied 2 Ch3 | N47: Pages 8, 14, 18, 21, 26–28, 30 | O47: Marks | P47: S4
A48: S4.2 | B48: Normal approximation to the binomial (incl. continuity correction) | C48: 2 | F48: ▶ Watch | G48: none on this topic | I48: Binomial Distribution (Yr 2) | J48: Pages 1, 4 | K48: Marks | L48: Answers | M48: Applied 2 Ch3 | N48: Pages 7, 9, 11, 13, 14, 17, 30, 31 | O48: Marks | P48: S4
A49: S4.3 | B49: Choosing a suitable distribution for a model | C49: 2 | F49: ▶ Watch | G49: Q 8, 12, 14 | H49: Answers | I49: Normal Distribution (Yr 2) | J49: Page 4 | K49: Marks | L49: Answers | M49: Applied 2 Ch3 | N49: Pages 4, 5, 11, 13 | O49: Marks | P49: S4
A51: 5 | B51: Statistical hypothesis testing | E51: 7 topics · Year 1: 4 · Year 2: 3
A52: S5.1 | B52: Language of hypothesis testing (H₀, H₁, significance level, p-value) | C52: 1 | F52: ▶ Watch | G52: Q 8 | H52: Answers | I52: Binomial Tests | J52: Pages 1, 2 | K52: Marks | L52: Answers | M52: Applied 1 Ch7 | N52: Pages 3, 8 | O52: Marks | P52: S5
A53: S5.1 | B53: Critical values, critical regions and actual significance level | C53: 1 | F53: ▶ Watch | G53: Q 7 | H53: Answers | I53: Binomial Tests | J53: Pages 2, 3 | K53: Marks | L53: Answers | M53: Applied 1 Ch7 | N53: Pages 3, 5, 8, 9 | O53: Marks | P53: S5
A54: S5.2 | B54: One-tailed binomial tests | C54: 1 | F54: ▶ Watch | G54: Q 3–5 | H54: Answers | I54: Binomial Tests | J54: Page 4 | K54: Marks | L54: Answers | M54: Applied 1 Ch7 | N54: Pages 1, 3, 4, 11 | O54: Marks | P54: S5
A55: S5.2 | B55: Two-tailed binomial tests | C55: 1 | F55: ▶ Watch | G55: Q 6, 7 | H55: Answers | I55: Binomial Tests | J55: Pages 1–3 | K55: Marks | L55: Answers | M55: Applied 1 Ch7 | N55: Pages 5, 9 | O55: Marks | P55: S5
A56: S5.1 | B56: Product moment correlation coefficient (PMCC) and interpreting it | C56: 2 | F56: ▶ Watch | G56: Q 5, 6, 9 | H56: Answers | I56: Regression and Correlation (Yr 2) | J56: Pages 1, 3, 4 | K56: Marks | L56: Answers | M56: Applied 2 Ch1 | N56: Pages 1, 3, 4 | O56: Marks | P56: S5
A57: S5.1 | B57: Hypothesis test for zero correlation (PMCC) | C57: 2 | F57: ▶ Watch | G57: Q 1–6, 10, 11 | H57: Answers | I57: Regression and Correlation (Yr 2) | J57: Pages 1, 3, 4 | K57: Marks | L57: Answers | M57: Applied 2 Ch1 | N57: Pages 1, 3, 4 | O57: Marks | P57: S5
A58: S5.3 | B58: Hypothesis test for the mean of a normal distribution | C58: 2 | F58: ▶ Watch | G58: Q 8, 9, 11–13 | H58: Answers | I58: Normal Distribution (Yr 2) | J58: Pages 1, 3 | K58: Marks | L58: Answers | M58: Applied 2 Ch3 | N58: Pages 1, 4, 6 | O58: Marks | P58: S5

Sheet Mechanics
A1: Mechanics
A2: Paper 3, Section B · 36 topics · pick R, A or G in the yellow Rating column for each one
A3: ="Rated so far: "&(COUNTIF($D$7:$D$50,"R")+COUNTIF($D$7:$D$50,"A")+COUNTIF($D$7:$D$50,"G"))&" of 36 Red "&COUNTIF($D$7:$D$50,"R")&" · Amber "&COUNTIF($D$7:$D$50,"A")&" · Green "&COUNTIF($D$7:$D$50,"G")
A5: Your check | F5: Maths Genie | I5: PMT worksheet | M5: Textbook chapter test
A6: Ref | B6: Topic | C6: Year | D6: Rating | E6: Notes | F6: Video | G6: Questions | H6: Answers | I6: Worksheet | J6: Questions | K6: Mark scheme | L6: Answers | M6: Textbook | N6: Questions | O6: Mark scheme
A8: 6 | B8: Quantities and units in mechanics | E8: 2 topics · Year 1: 2
A9: M6.1 | B9: SI units and derived quantities | C9: 1 | F9: ▶ Watch | G9: Q 3 | H9: Answers | I9: Motion Graphs (Yr 2) | J9: Page 1 | K9: Marks | L9: Answers | M9: Applied 1 Ch8 | N9: Page 11 | O9: Marks | P9: M6
A10: OT3.5 | B10: Modelling assumptions (particle, light, inextensible, smooth, rigid) | C10: 1 | F10: ▶ Watch | G10: Q 16, 17 | H10: Answers | I10: suvat | J10: Pages 1–3, 7 | K10: Marks | L10: Answers | M10: Applied 1 Ch8 | N10: Pages 2, 3 | O10: Marks | P10: M6
A12: 7 | B12: Kinematics | E12: 15 topics · Year 1: 10 · Year 2: 5
A13: M7.1 | B13: Language of kinematics: position, displacement, distance, velocity, speed, acceleration | C13: 1 | F13: ▶ Watch | G13: none on this topic | I13: suvat | J13: Page 1 | K13: Marks | L13: Answers | M13: Applied 1 Ch9 | N13: Page 9 | O13: Marks | P13: M7
A14: M7.2 | B14: Displacement-time graphs | C14: 1 | F14: ▶ Watch | G14: none on this topic | I14: none for this topic | J14: none on this topic | M14: Applied 1 Ch9 | N14: none | P14: M7
A15: M7.2 | B15: Velocity-time graphs (gradient and area) | C15: 1 | F15: ▶ Watch | G15: Q 1–4 | H15: Answers | I15: Motion Graphs | J15: Pages 1, 2 | K15: Marks | L15: Answers | M15: Applied 1 Ch9 | N15: Pages 2–7, 9, 12 | O15: Marks | P15: M7
A16: M7.3 | B16: Constant acceleration (suvat) formulae | C16: 1 | F16: ▶ Watch | G16: Q 1, 3, 5–7, 9 | H16: Answers | I16: suvat | J16: Pages 1–3, 5 | K16: Marks | L16: Answers | M16: Applied 1 Ch9 | N16: Pages 1, 3–7, 10, 11 | O16: Marks | P16: M7
A17: M7.3 | B17: suvat: multi-stage and two-particle problems | C17: 1 | F17: ▶ Watch | G17: Q 11–14, 16 | H17: Answers | I17: Motion Graphs | J17: Pages 1, 2 | K17: Marks | L17: Answers | M17: Applied 1 Ch9 | N17: Pages 2–7, 9, 12 | O17: Marks | P17: M7
A18: M7.3 | B18: Vertical motion under gravity (suvat with g) | C18: 1 | F18: ▶ Watch | G18: Q 2, 4, 8, 10, 15, 17 | H18: Answers | I18: suvat | J18: Pages 1–3 | K18: Marks | L18: Answers | M18: Applied 1 Ch9 | N18: Pages 1–3, 5, 7, 10, 11 | O18: Marks | P18: M7
A19: M7.4 | B19: Variable acceleration: using differentiation | C19: 1 | F19: ▶ Watch | G19: Q 4, 5, 8, 9, 11 | H19: Answers | I19: Calculus in Kinematics | J19: Pages 1–3 | K19: Marks | L19: Answers | M19: Applied 1 Ch11 | N19: Pages 1–4 | O19: Marks | P19: M7
A20: M7.4 | B20: Variable acceleration: maxima and minima | C20: 1 | F20: ▶ Watch | G20: Q 5, 6, 8 | H20: Answers | I20: Set A: Problems with calculus | J20: Pages 1, 2 | K20: in the PDF | L20: in the PDF | M20: Applied 1 Ch11 | N20: Pages 1, 3 | O20: Marks | P20: M7
A21: M7.4 | B21: Variable acceleration: using integration | C21: 1 | F21: ▶ Watch | G21: Q 1–4, 6, 7, 10, 12 | H21: Answers | I21: Calculus in Kinematics | J21: Pages 1, 3 | K21: Marks | L21: Answers | M21: Applied 1 Ch11 | N21: Pages 5, 7–10 | O21: Marks | P21: M7
A22: M7.3 | B22: Deriving the suvat formulae (using graphs or calculus) | C22: 1 | F22: ▶ Watch | G22: none on this topic | I22: Set B: Motion Graphs | J22: Page 1 | K22: none | L22: Answers | M22: Applied 1 Ch11 | N22: Page 1 | O22: Marks | P22: M7
A23: M7.3 | B23: Constant acceleration in 2D with vectors | C23: 2 | F23: ▶ Watch | G23: Q 1, 2, 6, 16, 18, 19 | H23: Answers | I23: suvat (Yr 2) | J23: Pages 1, 3 | K23: Marks | L23: Answers | M23: Applied 2 Ch8 | N23: Pages 1, 3, 4, 6, 8, 10, 12, 13 | O23: Marks | P23: M7
A24: M7.4 | B24: Variable acceleration in 2D: differentiating and integrating vectors | C24: 2 | F24: ▶ Watch | G24: Q 11–15, 17, 20, 21 | H24: Answers | I24: Calculus in Kinematics (Yr 2) | J24: Pages 1–4 | K24: Marks | L24: Answers | M24: Applied 2 Ch8 | N24: Pages 1, 3, 4, 6, 11 | O24: Marks | P24: M7
A25: M7.5 | B25: Projectiles: horizontal projection | C25: 2 | F25: ▶ Watch | G25: none on this topic | I25: Set A: Projectiles 2 (Yr 2) | J25: Page 9 | K25: in the PDF | L25: in the PDF | M25: Applied 2 Ch6 | N25: Page 6 | O25: Marks | P25: M7
A26: M7.5 | B26: Projectiles at any angle (horizontal and vertical components) | C26: 2 | F26: ▶ Watch | G26: Q 1–5, 7–9 | H26: Answers | I26: Projectiles (Yr 2) | J26: Pages 1–3 | K26: Marks | L26: Answers | M26: Applied 2 Ch6 | N26: Pages 1, 3, 4, 7, 10–12, 14 | O26: Marks | P26: M7
A27: M7.5 | B27: Projectile formulae: time of flight, range, maximum height, equation of the path | C27: 2 | F27: ▶ Watch | G27: Q 1, 3, 5, 6 | H27: Answers | I27: Projectiles (Yr 2) | J27: Pages 1–3 | K27: Marks | L27: Answers | M27: Applied 2 Ch6 | N27: Pages 1, 3, 6, 10, 13 | O27: Marks | P27: M7
A29: 8 | B29: Forces and Newton's laws | E29: 13 topics · Year 1: 6 · Year 2: 7
A30: M8.1 | B30: Force diagrams, types of force and Newton's first law | C30: 1 | F30: ▶ Watch | G30: Q 6 | H30: Answers | I30: none for this topic | J30: none on this topic | M30: Applied 1 Ch10 | N30: none | P30: M8
A31: M8.2 | B31: Forces as vectors in i, j form | C31: 1 | F31: ▶ Watch | G31: Q 6, 9, 12 | H31: Answers | I31: Forces & Newton's Laws | J31: Page 4 | K31: Marks | L31: Answers | M31: Applied 1 Ch10 | N31: Pages 6, 9, 12, 13 | O31: Marks | P31: M8
A32: M8.2 | B32: Newton's second law F = ma (incl. weight, M8.3) | C32: 1 | F32: ▶ Watch | G32: Q 3–5 | H32: Answers | I32: Forces & Newton's Laws | J32: Pages 1, 2, 5 | K32: Marks | L32: Answers | M32: Applied 1 Ch10 | N32: Pages 10, 11 | O32: Marks | P32: M8
A33: M8.2 | B33: F = ma in 2D with vectors | C33: 1 | F33: ▶ Watch | G33: Q 7, 8 | H33: Answers | I33: Forces & Newton's Laws | J33: Page 4 | K33: Marks | L33: Answers | M33: Applied 1 Ch10 | N33: Pages 6, 9, 12, 13 | O33: Marks | P33: M8
A34: M8.4 | B34: Connected particles (incl. Newton's third law) | C34: 1 | F34: ▶ Watch | G34: Q 3–5 | H34: Answers | I34: Forces & Newton's Laws | J34: Pages 1, 2 | K34: Marks | L34: Answers | M34: Applied 1 Ch10 | N34: Page 11 | O34: Marks | P34: M8
A35: M8.4 | B35: Pulleys | C35: 1 | F35: ▶ Watch | G35: Q 1, 2, 13–15 | H35: Answers | I35: Connected Particles (Yr 2) | J35: Page 1 | K35: Marks | L35: Answers | M35: Applied 1 Ch10 | N35: Pages 1–4, 10 | O35: Marks | P35: M8
A36: M8.5 | B36: Resolving forces and resultant forces (magnitude-direction form) | C36: 2 | F36: ▶ Watch | G36: Q 1–3, 8 | H36: Answers | I36: Forces & Newton's Laws | J36: Pages 3, 6 | K36: Marks | L36: Answers | M36: Applied 2 Ch5 | N36: Pages 1, 5, 7, 16 | O36: Marks | P36: M8
A37: M8.2 | B37: Inclined planes | C37: 2 | F37: ▶ Watch | G37: Q 4–7, 9, 10 | H37: Answers | I37: F = ma on a slope (Yr 2) | J37: Pages 1, 2 | K37: Marks | L37: Answers | M37: Applied 2 Ch5 | N37: Pages 3, 4, 7, 11, 16 | O37: Marks | P37: M8
A38: M8.6 | B38: Friction (F ≤ μR) and limiting friction | C38: 2 | F38: ▶ Watch | G38: Q 3–10 | H38: Answers | I38: Forces & Newton's Laws | J38: Pages 3, 5 | K38: Marks | L38: Answers | M38: Applied 2 Ch5 | N38: Pages 1, 3–5, 7, 11, 16 | O38: Marks | P38: M8
A39: M8.4 | B39: Statics: particles in equilibrium | C39: 2 | F39: ▶ Watch | G39: Q 1, 2 | H39: Answers | I39: Forces & Newton's Laws | J39: Page 3 | K39: Marks | L39: Answers | M39: Applied 2 Ch7 | N39: Pages 3, 7, 10, 16 | O39: Marks | P39: M8
A40: M8.6 | B40: Friction and static particles (limiting equilibrium) | C40: 2 | F40: ▶ Watch | G40: Q 3, 4, 6, 7, 10 | H40: Answers | I40: Forces & Newton's Laws | J40: Page 3 | K40: Marks | L40: Answers | M40: Applied 2 Ch7 | N40: Pages 3, 4, 7, 9, 10, 16 | O40: Marks | P40: M8
A41: M8.2 | B41: Dynamics on inclined planes | C41: 2 | F41: ▶ Watch | G41: Q 5, 9, 10 | H41: Answers | I41: F = ma on a slope (Yr 2) | J41: Pages 1, 2 | K41: Marks | L41: Answers | M41: Applied 2 Ch7 | N41: Pages 4, 6, 11, 16 | O41: Marks | P41: M8
A42: M8.4 | B42: Connected particles on slopes and with friction | C42: 2 | F42: ▶ Watch | G42: Q 6–8, 10 | H42: Answers | I42: Connected Particles (Yr 2) | J42: Page 2 | K42: Marks | L42: Answers | M42: Applied 2 Ch7 | N42: Pages 6, 8–10, 12, 15, 17 | O42: Marks | P42: M8
A44: 9 | B44: Moments | E44: 6 topics · Year 2: 6
A45: M9.1 | B45: Moments of a force | C45: 2 | F45: ▶ Watch | G45: Q 1, 2 | H45: Answers | I45: Moments (Yr 2) | J45: Page 3 | K45: Marks | L45: Answers | M45: Applied 2 Ch4 | N45: Pages 1, 2, 11 | O45: Marks | P45: M9
A46: M9.1 | B46: Resultant moments | C46: 2 | F46: ▶ Watch | G46: none on this topic | I46: none for this topic | J46: none on this topic | M46: Applied 2 Ch4 | N46: none | P46: M9
A47: M9.1 | B47: Rigid bodies in equilibrium (beams and rods) | C47: 2 | F47: ▶ Watch | G47: Q 1–6 | H47: Answers | I47: Moments (Yr 2) | J47: Page 2 | K47: Marks | L47: Answers | M47: Applied 2 Ch4 | N47: Pages 1–5, 8–10 | O47: Marks | P47: M9
A48: M9.1 | B48: Centres of mass of non-uniform rods | C48: 2 | F48: ▶ Watch | G48: Q 3, 4, 6 | H48: Answers | I48: Set A: Moments - Moments about a point 1 (Yr 2) | J48: Pages 5, 9 | K48: in the PDF | L48: in the PDF | M48: Applied 2 Ch4 | N48: Pages 7, 9, 11 | O48: Marks | P48: M9
A49: M9.1 | B49: Tilting | C49: 2 | F49: ▶ Watch | G49: Q 5 | H49: Answers | I49: Set A: Moments - Moments about a point 1 (Yr 2) | J49: Pages 3, 6, 7, 10 | K49: in the PDF | L49: in the PDF | M49: Applied 2 Ch4 | N49: Pages 5, 10 | O49: Marks | P49: M9
A50: M9.1 | B50: Ladders and rods against walls (incl. friction) | C50: 2 | F50: ▶ Watch | G50: Q 1–5, 9 | H50: Answers | I50: Moments (Yr 2) | J50: Pages 1, 3 | K50: Marks | L50: Answers | M50: Applied 2 Ch7 | N50: Pages 1, 3–7, 9 | O50: Marks | P50: M9

Sheet Chapter tests
A1: Chapter tests
A2: Real Edexcel exam questions for each textbook chapter, plus the textbook review exercises. Try one once every topic in it is Amber or Green. A few sets include old-specification questions: they are listed in the last column, so skip them.
A4: Book | B4: Chapters | C4: Test | D4: Questions | E4: Mark scheme | F4: Done? | G4: Score / notes | H4: Skip (not on the current spec)
A6: Pure maths | C6: Paper 1 and Paper 2
A7: Pure 1 | B7: Ch1 Algebraic Expression | C7: Ch1 Algebraic Expression Exam Questions | D7: Questions | E7: Marks
A8: Pure 1 | B8: Ch2 Quadratics, Ch3 Equations and Inequalities | C8: Ch2 Quadratics and Ch3 Equations and Inequalities Exam Questions | D8: Questions | E8: Marks
A9: Pure 1 | B9: Ch1-Ch4 review (textbook) | C9: Textbook review exercise 1 - pg.85-88 | D9: in the book
A10: Pure 1 | B10: Ch5 Straight Line Graphs | C10: Ch5 Straight Line Graphs Exam Questions | D10: Questions | E10: Marks
A11: Pure 1 | B11: Ch6 Circles | C11: Ch6 Circles Exam Questions | D11: Questions | E11: Marks
A12: Pure 1 | B12: Ch4 Graphs and Transformations, Ch7 Algebraic Methods | C12: Ch4 Graphs and Transformations + Ch7 Algebraic Methods Exam Questions 1 | D12: Questions | E12: Marks
A13: Pure 1 | B13: Ch4 Graphs and Transformations, Ch7 Algebraic Methods | C13: Ch4 Graphs and Transformations + Ch7 Algebraic Methods Exam Questions 2 | D13: Questions | E13: Marks
A14: Pure 1 | B14: Ch8 Binomial Expansion | C14: Ch8 Binomial Expansion Exam Questions | D14: Questions | E14: Marks
A15: Pure 1 | B15: Ch9 Trigonometric ratios | C15: Ch9 Trigonometric Ratos Exam Questions | D15: Questions | E15: Marks
A16: Pure 1 | B16: Ch10 Trigonometric Identities and Equations | C16: Ch10 Trigonometric Identities and Equations Exam Questions | D16: Questions | E16: Marks
A17: Pure 1 | B17: Ch5-Ch10 review (textbook) | C17: Textbook review exercise 2 - pg.226 - 229 | D17: in the book
A18: Pure 1 | B18: Ch11 Vectors | C18: Ch11 Vectors Exam Questions | D18: Questions | E18: Marks
A19: Pure 1 | B19: Ch12 Differentiation | C19: Ch12 Differentiation Exam Questions | D19: Questions | E19: Marks
A20: Pure 1 | B20: Ch12 Differentiation | C20: Ch12 Differentiation: optimisation exam questions (filed on the source site as Pure 2 Ch9 set 3) | D20: Questions | E20: Marks
A21: Pure 1 | B21: Ch13 Integration | C21: Ch13 Integration Exam Question | D21: Questions | E21: Marks
A22: Pure 1 | B22: Ch14 Exponential and Logarithms | C22: Ch14 Exponential and Logarithms Exam Questions 1 | D22: Questions | E22: Marks
A23: Pure 1 | B23: Ch14 Exponential and Logarithms | C23: Ch14 Exponential and Logarithms Exam Questions 2 | D23: Questions | E23: Marks
A24: Pure 1 | B24: Ch11-Ch14 review (textbook) | C24: Textbook review exercise 3 - pg.338-341 | D24: in the book
A25: Pure 2 | B25: Ch1 Algebraic Methods | C25: Ch1 Algebraic Methods Exam Questions | D25: Questions | E25: Marks
A26: Pure 2 | B26: Ch2 Functions and Graphs | C26: Ch2 Functions and Graphs Exam Questions 1 | D26: Questions | E26: Marks
A27: Pure 2 | B27: Ch2 Functions and Graphs | C27: Ch2 Functions and Graphs Exam Questions 2 | D27: Questions | E27: Marks
A28: Pure 2 | B28: Ch3 Sequences and Series | C28: Ch3 Sequences and Series Exam Questions 1 | D28: Questions | E28: Marks
A29: Pure 2 | B29: Ch3 Sequences and Series | C29: Ch3 Sequences and Series Exam Questions 2 | D29: Questions | E29: Marks
A30: Pure 2 | B30: Ch4 Binomial Expansion | C30: Ch4 Binomial Expansion Exam Questions | D30: Questions | E30: none
A31: Pure 2 | B31: Ch1-Ch4 review (textbook) | C31: Textbook review exercise 1 - pg.107-112 | D31: in the book
A32: Pure 2 | B32: Ch5 Radians | C32: Ch5 Radians Exam Questions | D32: Questions | E32: Marks
A33: Pure 2 | B33: Ch6 Trigonometric Functions, Ch7 Trigonometry and Modelling | C33: Ch6 Trigonometric Functions and Ch7 Trigonometry and Modelling Exam Questions 1 | D33: Questions | E33: Marks
A34: Pure 2 | B34: Ch6 Trigonometric Functions, Ch7 Trigonometry and Modelling | C34: Ch6 Trigonometric Functions and Ch7 Trigonometry and Modelling Exam Questions 2 | D34: Questions | E34: Marks
A35: Pure 2 | B35: Ch8 Parametric Equations | C35: Ch8 Parametric Equations Exam Questions | D35: Questions | E35: Marks
A36: Pure 2 | B36: Ch5-Ch8 review (textbook) | C36: Textbook review exercise 2 - pg.225-230 | D36: in the book
A37: Pure 2 | B37: Ch9 Differentiation | C37: Ch9 Differentiation Exam Questions 1 | D37: Questions | E37: Marks
A38: Pure 2 | B38: Ch9 Differentiation | C38: Ch9 Differentiation Exam Questions 2 | D38: Questions | E38: Marks
A39: Pure 2 | B39: Ch10 Numerical Methods | C39: Ch10 Numerical Methods Exam Questions | D39: Questions | E39: Marks
A40: Pure 2 | B40: Ch11 Integration | C40: Ch11 Integration Exam Questions 1 | D40: Questions | E40: Marks
A41: Pure 2 | B41: Ch11 Integration | C41: Ch11 Integration Exam Questions 2 | D41: Questions | E41: Marks | H41: p5 Q13(d), p9 Q8(b): volumes of revolution
A42: Pure 2 | B42: Ch11 Integration | C42: Ch11 Integration Exam Questions 3 | D42: Questions | E42: Marks
A43: Pure 2 | B43: Ch11 Integration | C43: Ch11 Integration Exam Questions 4 | D43: Questions | E43: Marks | H43: p3 Q12, p6 Q7(b): volumes of revolution
A44: Pure 2 | B44: Ch12 Vectors | C44: Ch12 Vectors Exam Questions | D44: Questions | E44: Marks
A45: Pure 2 | B45: Ch9-Ch12 review (textbook) | C45: Textbook review exercise 3 - pg.352-357 | D45: in the book
A47: Statistics | C47: Paper 3, Section A
A48: Applied 1 | B48: Ch2 Measures of Location and Spread, Ch3 Representations of Data | C48: Ch2 Measures of Location and Spread + Ch3 Representation of Data Exam Questions 1 | D48: Questions | E48: Marks | H48: p11 Q2 and p13 Q1, skewness parts only
A49: Applied 1 | B49: Ch2 Measures of Location and Spread, Ch3 Representations of Data | C49: Ch2 Measures of Location and Spread + Ch3 Representation of Data Exam Questions 2 | D49: Questions | E49: Marks | H49: p12 Q2(d), p14 Q1(e): skewness
A50: Applied 1 | B50: Ch4 Correlation | C50: Ch4 Correlation Exam Questions | D50: Questions | E50: Marks
A51: Applied 1 | B51: Ch5 Probability | C51: Ch5 Probability Exam Questions | D51: Questions | E51: Marks
A52: Applied 1 | B52: Ch6 Statistical Distributions, Ch7 Hypothesis Testing | C52: Ch6 Statistical Distributions and Ch7 Hypothesis Testing Exam Questions | D52: Questions | E52: Marks | H52: p7 Q1 and p10 Q6: Poisson distribution
A53: Applied 1 | B53: Ch1-Ch7 review (textbook) | C53: Textbook review exercise 1 - pg. 113-117 | D53: in the book
A54: Applied 2 | B54: Ch1 Regression, Correlation and Hypothesis Testing | C54: Ch1 Regression, Correlation and Hypothesis Testing Exam Questions | D54: Questions | E54: Marks
A55: Applied 2 | B55: Ch2 Conditional Probability | C55: Ch2 Conditional Probability Exam Questions | D55: Questions | E55: Marks
A56: Applied 2 | B56: Ch3 The Normal Distribution | C56: Ch3 The Normal Distribution Exam Questions | D56: Questions | E56: Marks | H56: p8 Q1(c), p10 Q1(b), p12 Q4(b), p15 Q6, p16 Q1(b): Poisson
A57: Applied 2 | B57: Ch1-Ch3 review (textbook) | C57: Textbook review exercise 1 - pg.65-69 | D57: in the book
A59: Mechanics | C59: Paper 3, Section B
A60: Applied 1 | B60: Ch9 Constant Acceleration | C60: Ch9 Constant Acceleration Exam Questions 1 | D60: Questions | E60: Marks
A61: Applied 1 | B61: Ch9 Constant Acceleration | C61: Ch9 Constant Acceleration Exam Questions 2 | D61: Questions | E61: Marks
A62: Applied 1 | B62: Ch10 Forces and Motion | C62: Ch10 Forces and Motion Exam Questions Excluding Question 1 and 7 | D62: Questions | E62: Marks | H62: p7 Q3(b): momentum
A63: Applied 1 | B63: Ch11 Variable Acceleration | C63: Ch11 Variable Acceleration Exam Questions | D63: Questions | E63: Marks
A64: Applied 1 | B64: Ch8-Ch11 review (textbook) | C64: Textbook review exercise 2 - pg. 197-200 | D64: in the book
A65: Applied 2 | B65: Ch4 Moments | C65: Ch4 Moments Exam Questions | D65: Questions | E65: Marks
A66: Applied 2 | B66: Ch6 Projectiles | C66: Ch6 Projectiles Exam Questions | D66: Questions | E66: Marks
A67: Applied 2 | B67: Ch5 Forces and Friction, Ch7 Application of Forces | C67: Ch5 Forces and Friction + Ch7 Application of Forces Exam Questions 1 | D67: Questions | E67: Marks
A68: Applied 2 | B68: Ch5 Forces and Friction, Ch7 Application of Forces | C68: Ch5 Forces and Friction + Ch7 Application of Forces Exam Questions 2 | D68: Questions | E68: Marks
A69: Applied 2 | B69: Ch8 Further Kinematics | C69: Ch8 Further Kinematics Exam Questions 1 | D69: Questions | E69: Marks
A70: Applied 2 | B70: Ch8 Further Kinematics | C70: Ch8 Further Kinematics Exam Questions 2 | D70: Questions | E70: Marks
A71: Applied 2 | B71: Ch4-Ch8 review (textbook) | C71: Textbook review exercise 2 - pg.182-186 | D71: in the book

Sheet Progress
A1: Progress
A2: This page fills itself in from your ratings. Nothing to type here except the yellow cells, if you want to change them.
A4: =TEXT((COUNTIFS('Pure'!$D$7:$D$184,"R",'Pure'!$C$7:$C$184,">0")+COUNTIFS('Statistics'!$D$7:$D$58,"R",'Statistics'!$C$7:$C$58,">0")+COUNTIFS('Mechanics'!$D$7:$D$50,"R",'Mechanics'!$C$7:$C$50,">0")+COUNTIFS('Pure'!$D$7:$D$184,"A",'Pure'!$C$7:$C$184,">0")+COUNTIFS('Statistics'!$D$7:$D$58,"A",'Statistics'!$C$7:$C$58,">0")+COUNTIFS('Mechanics'!$D$7:$D$50,"A",'Mechanics'!$C$7:$C$50,">0")+COUNTIFS('Pure'!$D$7:$D$184,"G",'Pure'!$C$7:$C$184,">0")+COUNTIFS('Statistics'!$D$7:$D$58,"G",'Statistics'!$C$7:$C$58,">0")+COUNTIFS('Mechanics'!$D$7:$D$50,"G",'Mechanics'!$C$7:$C$50,">0"))/236,"0%") | C4: =COUNTIFS('Pure'!$D$7:$D$184,"R",'Pure'!$C$7:$C$184,">0")+COUNTIFS('Statistics'!$D$7:$D$58,"R",'Statistics'!$C$7:$C$58,">0")+COUNTIFS('Mechanics'!$D$7:$D$50,"R",'Mechanics'!$C$7:$C$50,">0") | E4: =COUNTIFS('Pure'!$D$7:$D$184,"A",'Pure'!$C$7:$C$184,">0")+COUNTIFS('Statistics'!$D$7:$D$58,"A",'Statistics'!$C$7:$C$58,">0")+COUNTIFS('Mechanics'!$D$7:$D$50,"A",'Mechanics'!$C$7:$C$50,">0") | G4: =COUNTIFS('Pure'!$D$7:$D$184,"G",'Pure'!$C$7:$C$184,">0")+COUNTIFS('Statistics'!$D$7:$D$58,"G",'Statistics'!$C$7:$C$58,">0")+COUNTIFS('Mechanics'!$D$7:$D$50,"G",'Mechanics'!$C$7:$C$50,">0")
A5: Topics rated (of 236) | C5: Red | E5: Amber | G5: Green
A7: Your practice plan
A8: Rating | B8: Topics | C8: Qs each | D8: Qs total | E8: What to do
A9: Red | B9: =COUNTIFS('Pure'!$D$7:$D$184,"R",'Pure'!$C$7:$C$184,">0")+COUNTIFS('Statistics'!$D$7:$D$58,"R",'Statistics'!$C$7:$C$58,">0")+COUNTIFS('Mechanics'!$D$7:$D$50,"R",'Mechanics'!$C$7:$C$50,">0") | C9: 10 | D9: =B9*C9 | E9: Full worksheet, taught first
A10: Amber | B10: =COUNTIFS('Pure'!$D$7:$D$184,"A",'Pure'!$C$7:$C$184,">0")+COUNTIFS('Statistics'!$D$7:$D$58,"A",'Statistics'!$C$7:$C$58,">0")+COUNTIFS('Mechanics'!$D$7:$D$50,"A",'Mechanics'!$C$7:$C$50,">0") | C10: 5 | D10: =B10*C10 | E10: Practise until 3 right in a row
A11: Green | B11: =COUNTIFS('Pure'!$D$7:$D$184,"G",'Pure'!$C$7:$C$184,">0")+COUNTIFS('Statistics'!$D$7:$D$58,"G",'Statistics'!$C$7:$C$58,">0")+COUNTIFS('Mechanics'!$D$7:$D$50,"G",'Mechanics'!$C$7:$C$50,">0") | C11: 2 | D11: =B11*C11 | E11: 2-question spot check
A12: Not rated yet | B12: =COUNTIFS('Pure'!$D$7:$D$184,"",'Pure'!$C$7:$C$184,">0")+COUNTIFS('Statistics'!$D$7:$D$58,"",'Statistics'!$C$7:$C$58,">0")+COUNTIFS('Mechanics'!$D$7:$D$50,"",'Mechanics'!$C$7:$C$50,">0")
A13: Total questions | D13: =SUM(D9:D11)
A14: Minutes per question | D14: 6
A15: Hours of practice | D15: =ROUND(D13*D14/60,1)
A16: Chapter tests done | D16: =COUNTIF('Chapter tests'!$F$5:$F$71,"Done")&" of 61"
A18: By year
B19: Topics | C19: Red | D19: Amber | E19: Green | F19: Not rated | G19: % Green
A20: Year 1 (AS content) | B20: =COUNTIFS('Pure'!$C$7:$C$184,1)+COUNTIFS('Statistics'!$C$7:$C$58,1)+COUNTIFS('Mechanics'!$C$7:$C$50,1) | C20: =COUNTIFS('Pure'!$C$7:$C$184,1,'Pure'!$D$7:$D$184,"R")+COUNTIFS('Statistics'!$C$7:$C$58,1,'Statistics'!$D$7:$D$58,"R")+COUNTIFS('Mechanics'!$C$7:$C$50,1,'Mechanics'!$D$7:$D$50,"R") | D20: =COUNTIFS('Pure'!$C$7:$C$184,1,'Pure'!$D$7:$D$184,"A")+COUNTIFS('Statistics'!$C$7:$C$58,1,'Statistics'!$D$7:$D$58,"A")+COUNTIFS('Mechanics'!$C$7:$C$50,1,'Mechanics'!$D$7:$D$50,"A") | E20: =COUNTIFS('Pure'!$C$7:$C$184,1,'Pure'!$D$7:$D$184,"G")+COUNTIFS('Statistics'!$C$7:$C$58,1,'Statistics'!$D$7:$D$58,"G")+COUNTIFS('Mechanics'!$C$7:$C$50,1,'Mechanics'!$D$7:$D$50,"G") | F20: =COUNTIFS('Pure'!$C$7:$C$184,1,'Pure'!$D$7:$D$184,"")+COUNTIFS('Statistics'!$C$7:$C$58,1,'Statistics'!$D$7:$D$58,"")+COUNTIFS('Mechanics'!$C$7:$C$50,1,'Mechanics'!$D$7:$D$50,"") | G20: =IFERROR(E20/B20,0)
A21: Year 2 | B21: =COUNTIFS('Pure'!$C$7:$C$184,2)+COUNTIFS('Statistics'!$C$7:$C$58,2)+COUNTIFS('Mechanics'!$C$7:$C$50,2) | C21: =COUNTIFS('Pure'!$C$7:$C$184,2,'Pure'!$D$7:$D$184,"R")+COUNTIFS('Statistics'!$C$7:$C$58,2,'Statistics'!$D$7:$D$58,"R")+COUNTIFS('Mechanics'!$C$7:$C$50,2,'Mechanics'!$D$7:$D$50,"R") | D21: =COUNTIFS('Pure'!$C$7:$C$184,2,'Pure'!$D$7:$D$184,"A")+COUNTIFS('Statistics'!$C$7:$C$58,2,'Statistics'!$D$7:$D$58,"A")+COUNTIFS('Mechanics'!$C$7:$C$50,2,'Mechanics'!$D$7:$D$50,"A") | E21: =COUNTIFS('Pure'!$C$7:$C$184,2,'Pure'!$D$7:$D$184,"G")+COUNTIFS('Statistics'!$C$7:$C$58,2,'Statistics'!$D$7:$D$58,"G")+COUNTIFS('Mechanics'!$C$7:$C$50,2,'Mechanics'!$D$7:$D$50,"G") | F21: =COUNTIFS('Pure'!$C$7:$C$184,2,'Pure'!$D$7:$D$184,"")+COUNTIFS('Statistics'!$C$7:$C$58,2,'Statistics'!$D$7:$D$58,"")+COUNTIFS('Mechanics'!$C$7:$C$50,2,'Mechanics'!$D$7:$D$50,"") | G21: =IFERROR(E21/B21,0)
A23: By paper
B24: Topics | C24: Red | D24: Amber | E24: Green | F24: Not rated | G24: % Green
A25: Pure maths (Paper 1 and Paper 2) | B25: =COUNTIFS('Pure'!$C$7:$C$184,">0") | C25: =COUNTIFS('Pure'!$C$7:$C$184,">0",'Pure'!$D$7:$D$184,"R") | D25: =COUNTIFS('Pure'!$C$7:$C$184,">0",'Pure'!$D$7:$D$184,"A") | E25: =COUNTIFS('Pure'!$C$7:$C$184,">0",'Pure'!$D$7:$D$184,"G") | F25: =COUNTIFS('Pure'!$C$7:$C$184,">0",'Pure'!$D$7:$D$184,"") | G25: =IFERROR(E25/B25,0)
A26: Statistics (Paper 3, Section A) | B26: =COUNTIFS('Statistics'!$C$7:$C$58,">0") | C26: =COUNTIFS('Statistics'!$C$7:$C$58,">0",'Statistics'!$D$7:$D$58,"R") | D26: =COUNTIFS('Statistics'!$C$7:$C$58,">0",'Statistics'!$D$7:$D$58,"A") | E26: =COUNTIFS('Statistics'!$C$7:$C$58,">0",'Statistics'!$D$7:$D$58,"G") | F26: =COUNTIFS('Statistics'!$C$7:$C$58,">0",'Statistics'!$D$7:$D$58,"") | G26: =IFERROR(E26/B26,0)
A27: Mechanics (Paper 3, Section B) | B27: =COUNTIFS('Mechanics'!$C$7:$C$50,">0") | C27: =COUNTIFS('Mechanics'!$C$7:$C$50,">0",'Mechanics'!$D$7:$D$50,"R") | D27: =COUNTIFS('Mechanics'!$C$7:$C$50,">0",'Mechanics'!$D$7:$D$50,"A") | E27: =COUNTIFS('Mechanics'!$C$7:$C$50,">0",'Mechanics'!$D$7:$D$50,"G") | F27: =COUNTIFS('Mechanics'!$C$7:$C$50,">0",'Mechanics'!$D$7:$D$50,"") | G27: =IFERROR(E27/B27,0)
A29: By topic area
B30: Topics | C30: Red | D30: Amber | E30: Green | F30: Not rated | G30: % Green
A31: Pure 1: Proof | B31: =COUNTIFS('Pure'!$P$7:$P$184,"P1") | C31: =COUNTIFS('Pure'!$P$7:$P$184,"P1",'Pure'!$D$7:$D$184,"R") | D31: =COUNTIFS('Pure'!$P$7:$P$184,"P1",'Pure'!$D$7:$D$184,"A") | E31: =COUNTIFS('Pure'!$P$7:$P$184,"P1",'Pure'!$D$7:$D$184,"G") | F31: =COUNTIFS('Pure'!$P$7:$P$184,"P1",'Pure'!$D$7:$D$184,"") | G31: =IFERROR(E31/B31,0)
A32: Pure 2: Algebra and functions | B32: =COUNTIFS('Pure'!$P$7:$P$184,"P2") | C32: =COUNTIFS('Pure'!$P$7:$P$184,"P2",'Pure'!$D$7:$D$184,"R") | D32: =COUNTIFS('Pure'!$P$7:$P$184,"P2",'Pure'!$D$7:$D$184,"A") | E32: =COUNTIFS('Pure'!$P$7:$P$184,"P2",'Pure'!$D$7:$D$184,"G") | F32: =COUNTIFS('Pure'!$P$7:$P$184,"P2",'Pure'!$D$7:$D$184,"") | G32: =IFERROR(E32/B32,0)
A33: Pure 3: Coordinate geometry in the (x, y) plane | B33: =COUNTIFS('Pure'!$P$7:$P$184,"P3") | C33: =COUNTIFS('Pure'!$P$7:$P$184,"P3",'Pure'!$D$7:$D$184,"R") | D33: =COUNTIFS('Pure'!$P$7:$P$184,"P3",'Pure'!$D$7:$D$184,"A") | E33: =COUNTIFS('Pure'!$P$7:$P$184,"P3",'Pure'!$D$7:$D$184,"G") | F33: =COUNTIFS('Pure'!$P$7:$P$184,"P3",'Pure'!$D$7:$D$184,"") | G33: =IFERROR(E33/B33,0)
A34: Pure 4: Sequences and series | B34: =COUNTIFS('Pure'!$P$7:$P$184,"P4") | C34: =COUNTIFS('Pure'!$P$7:$P$184,"P4",'Pure'!$D$7:$D$184,"R") | D34: =COUNTIFS('Pure'!$P$7:$P$184,"P4",'Pure'!$D$7:$D$184,"A") | E34: =COUNTIFS('Pure'!$P$7:$P$184,"P4",'Pure'!$D$7:$D$184,"G") | F34: =COUNTIFS('Pure'!$P$7:$P$184,"P4",'Pure'!$D$7:$D$184,"") | G34: =IFERROR(E34/B34,0)
A35: Pure 5: Trigonometry | B35: =COUNTIFS('Pure'!$P$7:$P$184,"P5") | C35: =COUNTIFS('Pure'!$P$7:$P$184,"P5",'Pure'!$D$7:$D$184,"R") | D35: =COUNTIFS('Pure'!$P$7:$P$184,"P5",'Pure'!$D$7:$D$184,"A") | E35: =COUNTIFS('Pure'!$P$7:$P$184,"P5",'Pure'!$D$7:$D$184,"G") | F35: =COUNTIFS('Pure'!$P$7:$P$184,"P5",'Pure'!$D$7:$D$184,"") | G35: =IFERROR(E35/B35,0)
A36: Pure 6: Exponentials and logarithms | B36: =COUNTIFS('Pure'!$P$7:$P$184,"P6") | C36: =COUNTIFS('Pure'!$P$7:$P$184,"P6",'Pure'!$D$7:$D$184,"R") | D36: =COUNTIFS('Pure'!$P$7:$P$184,"P6",'Pure'!$D$7:$D$184,"A") | E36: =COUNTIFS('Pure'!$P$7:$P$184,"P6",'Pure'!$D$7:$D$184,"G") | F36: =COUNTIFS('Pure'!$P$7:$P$184,"P6",'Pure'!$D$7:$D$184,"") | G36: =IFERROR(E36/B36,0)
A37: Pure 7: Differentiation | B37: =COUNTIFS('Pure'!$P$7:$P$184,"P7") | C37: =COUNTIFS('Pure'!$P$7:$P$184,"P7",'Pure'!$D$7:$D$184,"R") | D37: =COUNTIFS('Pure'!$P$7:$P$184,"P7",'Pure'!$D$7:$D$184,"A") | E37: =COUNTIFS('Pure'!$P$7:$P$184,"P7",'Pure'!$D$7:$D$184,"G") | F37: =COUNTIFS('Pure'!$P$7:$P$184,"P7",'Pure'!$D$7:$D$184,"") | G37: =IFERROR(E37/B37,0)
A38: Pure 8: Integration | B38: =COUNTIFS('Pure'!$P$7:$P$184,"P8") | C38: =COUNTIFS('Pure'!$P$7:$P$184,"P8",'Pure'!$D$7:$D$184,"R") | D38: =COUNTIFS('Pure'!$P$7:$P$184,"P8",'Pure'!$D$7:$D$184,"A") | E38: =COUNTIFS('Pure'!$P$7:$P$184,"P8",'Pure'!$D$7:$D$184,"G") | F38: =COUNTIFS('Pure'!$P$7:$P$184,"P8",'Pure'!$D$7:$D$184,"") | G38: =IFERROR(E38/B38,0)
A39: Pure 9: Numerical methods | B39: =COUNTIFS('Pure'!$P$7:$P$184,"P9") | C39: =COUNTIFS('Pure'!$P$7:$P$184,"P9",'Pure'!$D$7:$D$184,"R") | D39: =COUNTIFS('Pure'!$P$7:$P$184,"P9",'Pure'!$D$7:$D$184,"A") | E39: =COUNTIFS('Pure'!$P$7:$P$184,"P9",'Pure'!$D$7:$D$184,"G") | F39: =COUNTIFS('Pure'!$P$7:$P$184,"P9",'Pure'!$D$7:$D$184,"") | G39: =IFERROR(E39/B39,0)
A40: Pure 10: Vectors | B40: =COUNTIFS('Pure'!$P$7:$P$184,"P10") | C40: =COUNTIFS('Pure'!$P$7:$P$184,"P10",'Pure'!$D$7:$D$184,"R") | D40: =COUNTIFS('Pure'!$P$7:$P$184,"P10",'Pure'!$D$7:$D$184,"A") | E40: =COUNTIFS('Pure'!$P$7:$P$184,"P10",'Pure'!$D$7:$D$184,"G") | F40: =COUNTIFS('Pure'!$P$7:$P$184,"P10",'Pure'!$D$7:$D$184,"") | G40: =IFERROR(E40/B40,0)
A41: Statistics 1: Statistical sampling | B41: =COUNTIFS('Statistics'!$P$7:$P$58,"S1") | C41: =COUNTIFS('Statistics'!$P$7:$P$58,"S1",'Statistics'!$D$7:$D$58,"R") | D41: =COUNTIFS('Statistics'!$P$7:$P$58,"S1",'Statistics'!$D$7:$D$58,"A") | E41: =COUNTIFS('Statistics'!$P$7:$P$58,"S1",'Statistics'!$D$7:$D$58,"G") | F41: =COUNTIFS('Statistics'!$P$7:$P$58,"S1",'Statistics'!$D$7:$D$58,"") | G41: =IFERROR(E41/B41,0)
A42: Statistics 2: Data presentation and interpretation | B42: =COUNTIFS('Statistics'!$P$7:$P$58,"S2") | C42: =COUNTIFS('Statistics'!$P$7:$P$58,"S2",'Statistics'!$D$7:$D$58,"R") | D42: =COUNTIFS('Statistics'!$P$7:$P$58,"S2",'Statistics'!$D$7:$D$58,"A") | E42: =COUNTIFS('Statistics'!$P$7:$P$58,"S2",'Statistics'!$D$7:$D$58,"G") | F42: =COUNTIFS('Statistics'!$P$7:$P$58,"S2",'Statistics'!$D$7:$D$58,"") | G42: =IFERROR(E42/B42,0)
A43: Statistics 3: Probability | B43: =COUNTIFS('Statistics'!$P$7:$P$58,"S3") | C43: =COUNTIFS('Statistics'!$P$7:$P$58,"S3",'Statistics'!$D$7:$D$58,"R") | D43: =COUNTIFS('Statistics'!$P$7:$P$58,"S3",'Statistics'!$D$7:$D$58,"A") | E43: =COUNTIFS('Statistics'!$P$7:$P$58,"S3",'Statistics'!$D$7:$D$58,"G") | F43: =COUNTIFS('Statistics'!$P$7:$P$58,"S3",'Statistics'!$D$7:$D$58,"") | G43: =IFERROR(E43/B43,0)
A44: Statistics 4: Statistical distributions | B44: =COUNTIFS('Statistics'!$P$7:$P$58,"S4") | C44: =COUNTIFS('Statistics'!$P$7:$P$58,"S4",'Statistics'!$D$7:$D$58,"R") | D44: =COUNTIFS('Statistics'!$P$7:$P$58,"S4",'Statistics'!$D$7:$D$58,"A") | E44: =COUNTIFS('Statistics'!$P$7:$P$58,"S4",'Statistics'!$D$7:$D$58,"G") | F44: =COUNTIFS('Statistics'!$P$7:$P$58,"S4",'Statistics'!$D$7:$D$58,"") | G44: =IFERROR(E44/B44,0)
A45: Statistics 5: Statistical hypothesis testing | B45: =COUNTIFS('Statistics'!$P$7:$P$58,"S5") | C45: =COUNTIFS('Statistics'!$P$7:$P$58,"S5",'Statistics'!$D$7:$D$58,"R") | D45: =COUNTIFS('Statistics'!$P$7:$P$58,"S5",'Statistics'!$D$7:$D$58,"A") | E45: =COUNTIFS('Statistics'!$P$7:$P$58,"S5",'Statistics'!$D$7:$D$58,"G") | F45: =COUNTIFS('Statistics'!$P$7:$P$58,"S5",'Statistics'!$D$7:$D$58,"") | G45: =IFERROR(E45/B45,0)
A46: Mechanics 6: Quantities and units in mechanics | B46: =COUNTIFS('Mechanics'!$P$7:$P$50,"M6") | C46: =COUNTIFS('Mechanics'!$P$7:$P$50,"M6",'Mechanics'!$D$7:$D$50,"R") | D46: =COUNTIFS('Mechanics'!$P$7:$P$50,"M6",'Mechanics'!$D$7:$D$50,"A") | E46: =COUNTIFS('Mechanics'!$P$7:$P$50,"M6",'Mechanics'!$D$7:$D$50,"G") | F46: =COUNTIFS('Mechanics'!$P$7:$P$50,"M6",'Mechanics'!$D$7:$D$50,"") | G46: =IFERROR(E46/B46,0)
A47: Mechanics 7: Kinematics | B47: =COUNTIFS('Mechanics'!$P$7:$P$50,"M7") | C47: =COUNTIFS('Mechanics'!$P$7:$P$50,"M7",'Mechanics'!$D$7:$D$50,"R") | D47: =COUNTIFS('Mechanics'!$P$7:$P$50,"M7",'Mechanics'!$D$7:$D$50,"A") | E47: =COUNTIFS('Mechanics'!$P$7:$P$50,"M7",'Mechanics'!$D$7:$D$50,"G") | F47: =COUNTIFS('Mechanics'!$P$7:$P$50,"M7",'Mechanics'!$D$7:$D$50,"") | G47: =IFERROR(E47/B47,0)
A48: Mechanics 8: Forces and Newton's laws | B48: =COUNTIFS('Mechanics'!$P$7:$P$50,"M8") | C48: =COUNTIFS('Mechanics'!$P$7:$P$50,"M8",'Mechanics'!$D$7:$D$50,"R") | D48: =COUNTIFS('Mechanics'!$P$7:$P$50,"M8",'Mechanics'!$D$7:$D$50,"A") | E48: =COUNTIFS('Mechanics'!$P$7:$P$50,"M8",'Mechanics'!$D$7:$D$50,"G") | F48: =COUNTIFS('Mechanics'!$P$7:$P$50,"M8",'Mechanics'!$D$7:$D$50,"") | G48: =IFERROR(E48/B48,0)
A49: Mechanics 9: Moments | B49: =COUNTIFS('Mechanics'!$P$7:$P$50,"M9") | C49: =COUNTIFS('Mechanics'!$P$7:$P$50,"M9",'Mechanics'!$D$7:$D$50,"R") | D49: =COUNTIFS('Mechanics'!$P$7:$P$50,"M9",'Mechanics'!$D$7:$D$50,"A") | E49: =COUNTIFS('Mechanics'!$P$7:$P$50,"M9",'Mechanics'!$D$7:$D$50,"G") | F49: =COUNTIFS('Mechanics'!$P$7:$P$50,"M9",'Mechanics'!$D$7:$D$50,"") | G49: =IFERROR(E49/B49,0)
