Workbook

Sheet Start here
B1: OCR MEI A Level Maths
B2: OCR A Level Mathematics B (MEI), H640. A quick check of how confident you feel on every topic, so revision goes where it's needed most.
B4: How it works
A5: 1 | B5: Open the Pure / Statistics / Mechanics tabs | C5: Each topic has a yellow Rating box. Click it and pick R, A or G. That's the only thing to fill in (Notes are optional).
A7: 2 | B7: Be honest, not kind | C7: If you're torn between two colours, pick the lower one. A Green topic gets almost no time, so only use it when you're sure.
A9: 3 | B9: Take your time | C9: 245 topics, most take a glance. About 45 minutes, and it's fine to do one tab at a time.
B12: What the colours mean
B13: R · Red | C13: I can't do this yet, or I'd probably get it wrong.
B14: A · Amber | C14: I can do some of it, or I'm slow and make mistakes.
B15: G · Green | C15: I can do this confidently in exam conditions.
B17: The tabs
B18: Pure | C18: 149 topics, examined on Papers 1, 2 and 3.
B19: Statistics | C19: 51 topics, examined on Paper 2.
B20: Mechanics | C20: 45 topics, examined on Paper 1.
B21: OCR MEI sheets | C21: 63 sheets of real OCR MEI exam questions by topic. Mark them Done as you go.
B22: Progress | C22: Fills itself in: your Red / Amber / Green totals and a practice plan.
B24: Want to check a topic first?
B25: ▶ Watch / Topic page | C25: The Maths Genie OCR MEI page for that exact learning outcome ('▶ Watch' when it has a video lesson).
B26: Questions links | C26: Each link lists the questions on that topic. 'Q 3, 7' means questions 3 and 7; 'Q 4–11' means questions 4 to 11. Past-paper sheets use pages instead, e.g. 'Pages 2, 5'. Click to open the PDF at the first one; hover to see which parts. 'none on this topic' means that source has no question on it.
B27: Maths Genie | C27: Maths Genie exam-style questions with worked answers: its OCR MEI booklets where one covers the topic, otherwise its booklet questions on the same skill.
B28: PMT practice | C28: Physics & Maths Tutor sheets: a Solomon topic worksheet (with answers) or Edexcel past-paper questions on the same topic (with mark scheme), for extra practice.
B29: OCR MEI past papers | C29: Real OCR MEI exam questions on the topic. 'Marks' opens the mark scheme at the back of the same PDF.
B30: Ref and Year | C30: The official H640 learning-outcome code (e.g. Mc14 = chain rule). Y1 = also in the AS specification (H630); Y2 = A Level only. LDS = the large data set.
B32: The exams
C33: Three 2-hour papers. Paper 1: Pure Mathematics and Mechanics (100 marks, 36.4%). Paper 2: Pure Mathematics and Statistics (100 marks, 36.4%), including questions on the large data set. Paper 3: Pure Mathematics and Comprehension (75 marks, 27.3%), where mechanics and statistics are assumed knowledge. Any paper can test Year 1 content.

Sheet Pure
A1: Pure maths
A2: OCR MEI Papers 1, 2 and 3 · 149 topics · pick R, A or G in the yellow Rating column for each one
A3: ="Rated so far: "&(COUNTIF($D$7:$D$181,"R")+COUNTIF($D$7:$D$181,"A")+COUNTIF($D$7:$D$181,"G"))&" of 149 Red "&COUNTIF($D$7:$D$181,"R")&" · Amber "&COUNTIF($D$7:$D$181,"A")&" · Green "&COUNTIF($D$7:$D$181,"G")
A5: Your check | F5: Maths Genie | I5: PMT practice | M5: OCR MEI past-paper questions
A6: Ref | B6: Topic | C6: Year | D6: Rating | E6: Notes | F6: Video | G6: Questions | H6: Answers | I6: Worksheet | J6: Questions | K6: Mark scheme | L6: Answers | M6: OCR MEI sheet | N6: Questions | O6: Mark scheme
A8: 1 | B8: Proof | E8: 3 topics · Year 1: 2 · Year 2: 1
A9: Mp1 | B9: Structure of mathematical proof | C9: 1 | F9: Topic page | G9: Q 11, 12, 14, 15, 17, 18, 28, 32 | H9: Answers | I9: Edexcel: Proof | J9: Pages 1–5 | K9: Marks | L9: Answers | M9: Proof (Yr. 1) | N9: Pages 1, 2 | O9: Marks | P9: P1
A10: Mp2 | B10: Disproof by counter example | C10: 1 | F10: Topic page | G10: Q 8, 11, 13, 17, 18, 24, 32, 35 | H10: Answers | I10: Solomon: Mixed exam-style questions on proof | J10: Q 1, 3, 7, 8 | K10: none | L10: Answers | M10: Proof (Yr. 1) | N10: Pages 1, 2 | O10: Marks | P10: P1
A11: Mp3 | B11: Proof by contradiction | C11: 2 | F11: ▶ Watch | G11: Q 13–18 | H11: Answers | I11: Solomon: Mixed exam-style questions on proof | J11: Q 2, 4, 6, 8 | K11: none | L11: Answers | M11: Proof (Yr. 2) | N11: Pages 1, 2 | O11: Marks | P11: P1
A13: 2 | B13: Algebra | E13: 16 topics · Year 1: 14 · Year 2: 2
A14: Ma1 | B14: Algebraic vocabulary and notation | C14: 1 | F14: Topic page | G14: none on this topic | I14: none for this topic | J14: none on this topic | M14: none for this topic | N14: none on this topic | P14: P2
A15: Ma2 | B15: Solve quadratic equations | C15: 1 | F15: ▶ Watch | G15: Q 6, 7, 9 | H15: Answers | I15: Solomon: Quadratics – factorising | J15: Q 3, 6 | K15: none | L15: Answers | M15: Graphs (Yr. 1) | N15: Pages 3, 5, 6 | O15: Marks | P15: P2
A16: Ma3 | B16: Discriminant of a quadratic | C16: 1 | F16: ▶ Watch | G16: Q 1–4, 6–8, 22 | H16: Answers | I16: Edexcel: Inequalities | J16: Pages 1–3 | K16: in the PDF | L16: in the PDF | M16: Graphs (Yr. 1) | N16: Pages 2, 3, 6 | O16: Marks | P16: P2
A17: Ma4 | B17: Linear simultaneous equations | C17: 1 | F17: ▶ Watch | G17: Q 7, 10, 18 | H17: Answers | I17: Solomon: Simultaneous equations | J17: Q 1 | K17: none | L17: Answers | M17: Solution of Equations | N17: Page 1 | O17: Marks | P17: P2
A18: Ma5 | B18: One linear one quadratic simultaneous equations | C18: 1 | F18: ▶ Watch | G18: Q 3, 5–7, 12 | H18: Answers | I18: Edexcel: Simultaneous Equations | J18: Pages 1–4 | K18: in the PDF | L18: in the PDF | M18: Curves | N18: Page 2 | O18: Marks | P18: P2
A19: Ma6 | B19: Points of intersection and solutions | C19: 1 | F19: ▶ Watch | G19: Q 2, 23 | H19: Answers | I19: Edexcel: Transformations and Graphs | J19: Pages 3, 4 | K19: Marks | L19: Answers | M19: Graphs (Yr. 1) | N19: Pages 2, 3, 5, 6 | O19: Marks | P19: P2
A20: Ma7 | B20: Linear inequalities | C20: 1 | F20: ▶ Watch | G20: Q 8, 13 | H20: Answers | I20: Edexcel: Inequalities | J20: Pages 1–4 | K20: in the PDF | L20: in the PDF | M20: Inequalities | N20: Page 1 | O20: Marks | P20: P2
A21: Ma8 | B21: Quadratic inequalities | C21: 1 | F21: ▶ Watch | G21: Q 1, 2, 4, 8–11, 15 | H21: Answers | I21: Edexcel: Inequalities | J21: Pages 1–4 | K21: in the PDF | L21: in the PDF | M21: Inequalities | N21: Page 1 | O21: Marks | P21: P2
A22: Ma9 | B22: Writing inequality solutions with 'and', 'or' or set notation | C22: 1 | F22: Topic page | G22: Q 1, 8, 9, 11, 15 | H22: Answers | I22: Edexcel: Inequalities | J22: Pages 1–4 | K22: in the PDF | L22: in the PDF | M22: Inequalities | N22: Page 1 | O22: Marks | P22: P2
A23: Ma10 | B23: Use and manipulate surds | C23: 1 | F23: ▶ Watch | G23: Q 3, 5 | H23: Answers | I23: Solomon: Surds | J23: Q 2–7, 9 | K23: none | L23: Answers | M23: Surds and Indices | N23: Pages 1–4 | O23: Marks | P23: P2
A24: Ma11 | B24: Rationalise the denominator | C24: 1 | F24: Topic page | G24: Q 6, 8, 9, 11 | H24: Answers | I24: Solomon: Surds | J24: Q 8, 12, 15 | K24: none | L24: Answers | M24: Surds and Indices | N24: Pages 1–4 | O24: Marks | P24: P2
A25: Ma12 | B25: Laws of indices | C25: 1 | F25: ▶ Watch | G25: Q 2, 4, 5, 8, 10 | H25: Answers | I25: Solomon: Indices | J25: Q 2, 3, 7, 11, 12, 14, 15, 17 | K25: none | L25: Answers | M25: Surds and Indices | N25: Pages 1–3 | O25: Marks | P25: P2
A26: Ma13 | B26: Negative, fractional and zero indices | C26: 1 | F26: ▶ Watch | G26: Q 1–3 | H26: Answers | I26: Solomon: Indices | J26: Q 1, 4–6, 9, 10 | K26: none | L26: Answers | M26: Surds and Indices | N26: Pages 1–3 | O26: Marks | P26: P2
A27: Ma14 | B27: Proportional relationships | C27: 1 | F27: Topic page | G27: Q 6 | H27: Answers | I27: none for this topic | J27: none on this topic | M27: none for this topic | N27: none on this topic | P27: P2
A28: Ma15 | B28: Partial fractions | C28: 2 | F28: ▶ Watch | G28: Q 1–4, 10, 12 | H28: Answers | I28: Edexcel: Partial Fractions | J28: Pages 1–3 | K28: Marks | L28: Answers | M28: Partial Fractions | N28: Page 1 | O28: Marks | P28: P2
A29: Ma16 | B29: Simplify rational expressions | C29: 2 | F29: ▶ Watch | G29: Q 18, 19 | H29: Answers | I29: Solomon: Mixed exam-style questions on rational expressions | J29: Q 1–4 | K29: none | L29: Answers | M29: Rational Expressions | N29: Page 1 | O29: Marks | P29: P2
A31: 3 | B31: Functions | E31: 8 topics · Year 1: 2 · Year 2: 6
A32: Mf1 | B32: Add, subtract, multiply and divide polynomials | C32: 1 | F32: ▶ Watch | G32: Q 1, 2, 25, 29, 33 | H32: Answers | I32: Solomon: Polynomials | J32: Q 1–6 | K32: none | L32: Answers | M32: Polynomials | N32: Page 1 | O32: Marks | P32: P3
A33: Mf2 | B33: Factor theorem | C33: 1 | F33: ▶ Watch | G33: Q 1–6, 21, 33 | H33: Answers | I33: Edexcel: Factor Theorem | J33: Pages 1–5 | K33: Marks | L33: Answers | M33: Polynomials | N33: Page 1 | O33: Marks | P33: P3
A34: Mf3 | B34: Definition of a function | C34: 2 | F34: ▶ Watch | G34: Q 6, 11, 20, 21, 23, 24, 29 | H34: Answers | I34: Solomon: Domain, range and values of functions | J34: Q 3–5, 7 | K34: none | L34: Answers | M34: The Language of Functions | N34: Page 1 | O34: Marks | P34: P3
A35: Mf4 | B35: Composite functions | C35: 2 | F35: ▶ Watch | G35: Q 1, 4, 8, 12, 26, 29, 32 | H35: Answers | I35: Solomon: Composite functions | J35: Q 1, 3–5, 7, 8, 10 | K35: none | L35: Answers | M35: The Language of Functions | N35: Page 1 | O35: Marks | P35: P3
A36: Mf5 | B36: Inverse functions and their graphs | C36: 2 | F36: ▶ Watch | G36: Q 2, 5, 8, 13, 19, 31, 33 | H36: Answers | I36: Solomon: Inverse of a function | J36: Q 1–3, 5–8 | K36: none | L36: Answers | M36: The Language of Functions | N36: Page 1 | O36: Marks | P36: P3
A37: Mf6 | B37: The modulus function | C37: 2 | F37: ▶ Watch | G37: Q 7, 16–18, 22, 30 | H37: Answers | I37: Edexcel: Modulus of Functions | J37: Pages 1, 2 | K37: Marks | L37: Answers | M37: The Modulus Function | N37: Pages 1, 2 | O37: Marks | P37: P3
A38: Mf7 | B38: Inequalities with a modulus sign | C38: 2 | F38: Topic page | G38: Q 7, 22, 34 | H38: Answers | I38: Solomon: The modulus function | J38: Q 6 | K38: none | L38: Answers | M38: The Modulus Function | N38: Pages 1, 2 | O38: Marks | P38: P3
A39: Mf8 | B39: Functions in modelling | C39: 2 | F39: ▶ Watch | G39: Q 17, 21, 25 | H39: Answers | I39: Edexcel: Quadratics | J39: Pages 7, 8 | K39: Marks | L39: Answers | M39: Graphs (Yr. 1) | N39: Page 1 | O39: Marks | P39: P3
A41: 4 | B41: Graphs | E41: 9 topics · Year 1: 7 · Year 2: 2
A42: MC1 | B42: Graphs of functions and sketching curves | C42: 1 | F42: Topic page | G42: Q 2, 15, 21 | H42: Answers | I42: Solomon: Graphs of functions | J42: Q 1, 8–10 | K42: none | L42: Answers | M42: Graphs (Yr. 1) | N42: Pages 1, 3–6 | O42: Marks | P42: P4
A43: MC2 | B43: Intersection points with axes | C43: 1 | F43: Topic page | G43: Q 1, 8, 18, 22, 24 | H43: Answers | I43: Solomon: Graphs of functions | J43: Q 2–5, 7 | K43: none | L43: Answers | M43: Graphs (Yr. 1) | N43: Pages 1, 2, 5, 6 | O43: Marks | P43: P4
A44: MC3 | B44: Completing the square for a quadratic curve | C44: 1 | F44: ▶ Watch | G44: Q 12–14, 17–19, 24 | H44: Answers | I44: Solomon: Quadratics – completing the square | J44: Q 1, 2, 4–6 | K44: none | L44: Answers | M44: Graphs (Yr. 1) | N44: Pages 1, 2, 6 | O44: Marks | P44: P4
A45: MC4 | B45: Sketch graphs of simple functions | C45: 1 | F45: ▶ Watch | G45: Q 8, 15, 16, 18, 20–22, 24 | H45: Answers | I45: Edexcel: Transformations and Graphs | J45: Pages 2, 4, 9, 12 | K45: in the PDF | L45: in the PDF | M45: Graphs (Yr. 1) | N45: Pages 1, 4–6 | O45: Marks | P45: P4
A46: MC5 | B46: Stationary points when curve sketching | C46: 1 | F46: Topic page | G46: Q 7 | H46: Answers | I46: Solomon: Increasing and decreasing functions and stationary points | J46: Q 6, 8 | K46: none | L46: Answers | M46: Applications of Differentiation to Functions and Graphs (Yr. 1) | N46: Page 1 | O46: Marks | P46: P4
A47: MC6 | B47: Graphs of y = a/x and y = a/x² (asymptotes) | C47: 1 | F47: ▶ Watch | G47: Q 2, 6, 13, 14, 16, 23 | H47: Answers | I47: Edexcel: Transformations and Graphs | J47: Page 8 | K47: in the PDF | L47: in the PDF | M47: Graphs (Yr. 1) | N47: Page 2 | O47: Marks | P47: P4
A48: MC7 | B48: Single transformations of graphs: y = af(x), f(x) + a, f(x + a), f(ax) | C48: 1 | F48: ▶ Watch | G48: Q 1, 3–5, 7, 9, 19, 20 | H48: Answers | I48: Edexcel: Transformations and Graphs | J48: Pages 1, 3, 5–7, 10–12 | K48: in the PDF | L48: in the PDF | M48: Graphs (Yr. 1) | N48: Pages 4, 6 | O48: Marks | P48: P4
A49: MC8 | B49: Combined transformations of graphs | C49: 2 | F49: ▶ Watch | G49: Q 28, 35, 36 | H49: Answers | I49: Solomon: Transformations of functions | J49: Q 1–7, 9 | K49: none | L49: Answers | M49: Integration by Substitution | N49: Page 1 | O49: Marks | P49: P4
A50: MC9 | B50: Stationary points of inflection | C50: 2 | F50: Topic page | G50: Q 11 | H50: Answers | I50: Solomon: Increasing and decreasing functions and stationary points | J50: Q 7, 8 | K50: none | L50: Answers | M50: none for this topic | N50: none on this topic | P50: P4
A52: 5 | B52: Coordinate geometry | E52: 16 topics · Year 1: 11 · Year 2: 5
A53: Mg1 | B53: Gradients of parallel and perpendicular lines | C53: 1 | F53: ▶ Watch | G53: Q 2, 6, 8, 10, 13, 15, 17, 18 | H53: Answers | I53: Solomon: Parallel and perpendicular lines | J53: Q 1–8 | K53: none | L53: Answers | M53: Straight Lines | N53: Pages 1–3 | O53: Marks | P53: P5
A54: Mg2 | B54: Distance between two points | C54: 1 | F54: Topic page | G54: Q 5, 9, 17 | H54: Answers | I54: Solomon: Equations of straight lines | J54: Q 14–17 | K54: none | L54: Answers | M54: Straight Lines | N54: Pages 2, 3 | O54: Marks | P54: P5
A55: Mg3 | B55: Midpoint of a line segment | C55: 1 | F55: Topic page | G55: Q 4, 5, 14, 16, 22 | H55: Answers | I55: Solomon: Equations of straight lines | J55: Q 18, 19 | K55: none | L55: Answers | M55: Curves | N55: Page 1 | O55: Marks | P55: P5
A56: Mg4 | B56: Form the equation of a straight line | C56: 1 | F56: ▶ Watch | G56: Q 1, 3, 4, 6, 8–11 | H56: Answers | I56: Solomon: Equations of straight lines | J56: Q 4–9, 19 | K56: none | L56: Answers | M56: Straight Lines | N56: Pages 1–3 | O56: Marks | P56: P5
A57: Mg5 | B57: Draw a line given its equation | C57: 1 | F57: Topic page | G57: none on this topic | I57: Solomon: Coordinate geometry – further questions | J57: Q 5 | K57: none | L57: Answers | M57: Straight Lines | N57: Page 1 | O57: Marks | P57: P5
A58: Mg6 | B58: Point of intersection of two lines | C58: 1 | F58: Topic page | G58: Q 7, 10, 13, 16, 18 | H58: Answers | I58: Solomon: Equations of straight lines | J58: Q 20, 21 | K58: none | L58: Answers | M58: Straight Lines | N58: Pages 1, 3 | O58: Marks | P58: P5
A59: Mg7 | B59: Straight line models | C59: 1 | F59: ▶ Watch | G59: Q 19, 21 | H59: Answers | I59: Edexcel: Linear Models | J59: Pages 2, 4 | K59: Marks | L59: Answers | M59: none for this topic | N59: none on this topic | P59: P5
A60: Mg8 | B60: Intersection of a line and a curve | C60: 1 | F60: ▶ Watch | G60: Q 3, 6, 7, 12, 14 | H60: Answers | I60: Solomon: Graphs of functions | J60: Q 11–16 | K60: none | L60: Answers | M60: Graphs (Yr. 1) | N60: Pages 2, 3, 5, 6 | O60: Marks | P60: P5
A61: Mg9 | B61: Intersection of a line and a circle | C61: 1 | F61: ▶ Watch | G61: Q 4, 7, 11, 15, 16, 18, 27, 28 | H61: Answers | I61: Solomon: Circles | J61: Q 16–23 | K61: none | L61: Answers | M61: Curves | N61: Pages 1, 3 | O61: Marks | P61: P5
A62: Mg10 | B62: Equation of a circle | C62: 1 | F62: ▶ Watch | G62: Q 2–8 | H62: Answers | I62: Solomon: Circles | J62: Q 1–5, 7, 9, 10 | K62: none | L62: Answers | M62: Curves | N62: Pages 1–3 | O62: Marks | P62: P5
A63: Mg11 | B63: Circle properties | C63: 1 | F63: ▶ Watch | G63: Q 3, 5, 6, 9, 10, 13, 17, 24 | H63: Answers | I63: Solomon: Circles | J63: Q 6, 11–15, 23 | K63: none | L63: Answers | M63: Curves | N63: Pages 1–3 | O63: Marks | P63: P5
A64: Mg12 | B64: Parameter and parametric equations | C64: 2 | F64: Topic page | G64: Q 2, 6 | H64: Answers | I64: Solomon: Parametric equations | J64: Q 1, 2 | K64: none | L64: Answers | M64: Parametric Equations | N64: Page 4 | O64: Marks | P64: P5
A65: Mg13 | B65: Convert between cartesian and parametric forms | C65: 2 | F65: ▶ Watch | G65: Q 1, 4–8 | H65: Answers | I65: Solomon: Parametric equations | J65: Q 3–6, 8 | K65: none | L65: Answers | M65: Parametric Equations | N65: Pages 2–4 | O65: Marks | P65: P5
A66: Mg14 | B66: Equation of a circle in parametric form | C66: 2 | F66: Topic page | G66: Q 3 | H66: Answers | I66: Solomon: Parametric equations | J66: Q 5–7 | K66: none | L66: Answers | M66: none for this topic | N66: none on this topic | P66: P5
A67: Mg15 | B67: Gradient of a parametric curve | C67: 2 | F67: ▶ Watch | G67: Q 33–35, 50, 61, 71, 72 | H67: Answers | I67: Solomon: Differentiating functions defined parametrically | J67: Q 1–7, 9 | K67: none | L67: Answers | M67: Parametric Equations | N67: Pages 1–3 | O67: Marks | P67: P5
A68: Mg16 | B68: Parametric equations in modelling | C68: 2 | F68: ▶ Watch | G68: Q 4 | H68: Answers | I68: Edexcel: Projectiles 2 | J68: Pages 2, 3 | K68: in the PDF | L68: in the PDF | M68: Motion in 2 Dimensions | N68: Pages 2–4 | O68: Marks | P68: P5
A70: 6 | B70: Sequences and series | E70: 17 topics · Year 1: 2 · Year 2: 15
A71: Ms1 | B71: Binomial expansion for positive integer n | C71: 1 | F71: ▶ Watch | G71: Q 3–9 | H71: Answers | I71: Edexcel: Binomial Expansion | J71: Pages 1–6 | K71: none | L71: Answers | M71: Binomial Expansions (Yr. 1) | N71: Page 1 | O71: Marks | P71: P6
A72: Ms2 | B72: Factorial and combinations notation | C72: 1 | F72: ▶ Watch | G72: Q 2 | H72: Answers | I72: none for this topic | J72: none on this topic | M72: none for this topic | N72: none on this topic | P72: P6
A73: Ms3 | B73: Binomial expansion for rational n | C73: 2 | F73: ▶ Watch | G73: Q 1, 4, 7, 11, 14, 15, 17, 18 | H73: Answers | I73: Edexcel: Binomial Series | J73: Pages 1, 4–7 | K73: in the PDF | L73: in the PDF | M73: Binomial Expansions (Yr. 2) | N73: Pages 1–3 | O73: Marks | P73: P6
A74: Ms4 | B74: Binomial expansion of (a + bx)ⁿ for rational n (taking out a factor) | C74: 2 | F74: Topic page | G74: Q 2, 3, 5, 6, 8, 10, 12, 13 | H74: Answers | I74: Edexcel: Binomial Series | J74: Pages 2–5 | K74: in the PDF | L74: in the PDF | M74: Binomial Expansions (Yr. 2) | N74: Pages 1, 2 | O74: Marks | P74: P6
A75: Ms5 | B75: Binomial approximating polynomials | C75: 2 | F75: ▶ Watch | G75: Q 4, 6, 8, 9, 11, 14 | H75: Answers | I75: Edexcel: Binomial Series | J75: Pages 1–3, 7 | K75: in the PDF | L75: in the PDF | M75: Binomial Expansions (Yr. 2) | N75: Page 2 | O75: Marks | P75: P6
A76: Ms6 | B76: What a sequence is; finite and infinite | C76: 2 | F76: Topic page | G76: none on this topic | I76: none for this topic | J76: none on this topic | M76: none for this topic | N76: none on this topic | P76: P6
A77: Ms7 | B77: Generate a sequence by formula or recurrence | C77: 2 | F77: ▶ Watch | G77: Q 14–18, 29 | H77: Answers | I77: Edexcel: General Sequences and Series 1 | J77: Pages 1–5 | K77: in the PDF | L77: in the PDF | M77: Sequences | N77: Pages 1, 2 | O77: Marks | P77: P6
A78: Ms8 | B78: A series as a sum of terms | C78: 2 | F78: Topic page | G78: Q 15, 20, 24 | H78: Answers | I78: Edexcel: General Sequences and Series 1 | J78: Pages 1, 3, 4 | K78: in the PDF | L78: in the PDF | M78: Sequences | N78: Page 1 | O78: Marks | P78: P6
A79: Ms9 | B79: Sigma notation | C79: 2 | F79: ▶ Watch | G79: Q 15, 20, 22, 24, 28, 30, 31, 35 | H79: Answers | I79: Edexcel: Sequences and Series | J79: Pages 1, 2, 5 | K79: none | L79: Answers | M79: Sequences | N79: Pages 1, 2 | O79: Marks | P79: P6
A80: Ms10 | B80: Increasing, decreasing and periodic sequences | C80: 2 | F80: Topic page | G80: Q 16, 20, 24, 25 | H80: Answers | I80: Edexcel: Sequences and Series | J80: Pages 4, 5 | K80: Marks | L80: Answers | M80: Sequences | N80: Pages 1, 2 | O80: Marks | P80: P6
A81: Ms11 | B81: Convergent and divergent sequences | C81: 2 | F81: Topic page | G81: none on this topic | I81: none for this topic | J81: none on this topic | M81: Sequences | N81: Pages 1, 2 | O81: Marks | P81: P6
A82: Ms12 | B82: Arithmetic sequences and series | C82: 2 | F82: ▶ Watch | G82: Q 2, 4, 5, 30, 36, 37 | H82: Answers | I82: Edexcel: Arithmetic Series | J82: Pages 2, 3, 9, 10 | K82: in the PDF | L82: in the PDF | M82: Arithmetic Series | N82: Page 1 | O82: Marks | P82: P6
A83: Ms13 | B83: Standard formulae for arithmetic series | C83: 2 | F83: ▶ Watch | G83: Q 1, 3–5, 26, 27, 31, 36 | H83: Answers | I83: Edexcel: Arithmetic Series | J83: Pages 2, 3, 6, 7, 9, 10 | K83: in the PDF | L83: in the PDF | M83: Arithmetic Series | N83: Pages 1, 2 | O83: Marks | P83: P6
A84: Ms14 | B84: Geometric sequences and series | C84: 2 | F84: ▶ Watch | G84: Q 9, 10, 12, 13, 21, 32 | H84: Answers | I84: Edexcel: Geometric Series 1 | J84: Pages 2–4, 8, 10 | K84: in the PDF | L84: in the PDF | M84: Geometric Series | N84: Pages 1, 2 | O84: Marks | P84: P6
A85: Ms15 | B85: Standard formulae for geometric series | C85: 2 | F85: ▶ Watch | G85: Q 8–11, 13, 21, 33, 35 | H85: Answers | I85: Edexcel: Geometric Series 1 | J85: Pages 2–6, 8, 9 | K85: in the PDF | L85: in the PDF | M85: Geometric Series | N85: Pages 1, 2 | O85: Marks | P85: P6
A86: Ms16 | B86: Sum to infinity of a geometric series | C86: 2 | F86: ▶ Watch | G86: Q 10–12, 22, 32, 38 | H86: Answers | I86: Edexcel: Geometric Series 1 | J86: Pages 5, 6, 8–10 | K86: in the PDF | L86: in the PDF | M86: Geometric Series | N86: Pages 1, 2 | O86: Marks | P86: P6
A87: Ms17 | B87: Sequences and series in modelling | C87: 2 | F87: ▶ Watch | G87: Q 4, 6, 7, 13, 21, 23, 33, 34 | H87: Answers | I87: Edexcel: Geometric Series 1 | J87: Pages 1, 4, 7 | K87: in the PDF | L87: in the PDF | M87: Arithmetic Series | N87: Page 2 | O87: Marks | P87: P6
A89: 7 | B89: Trigonometry | E89: 21 topics · Year 1: 7 · Year 2: 14
A90: Mt1 | B90: Definitions of sin, cos and tan for any angle | C90: 1 | F90: ▶ Watch | G90: Q 21 | H90: Answers | I90: Solomon: Trigonometric ratios and graphs | J90: Q 2 | K90: none | L90: Answers | M90: none for this topic | N90: none on this topic | P90: P7
A91: Mt2 | B91: Graphs of sin, cos and tan | C91: 1 | F91: ▶ Watch | G91: Q 9, 17, 28 | H91: Answers | I91: Solomon: Trigonometric ratios and graphs | J91: Q 5–12 | K91: none | L91: Answers | M91: Proofs and Problems | N91: Page 2 | O91: Marks | P91: P7
A92: Mt3 | B92: Area of a triangle | C92: 1 | F92: ▶ Watch | G92: Q 1, 2, 4, 7, 8, 11, 12, 20 | H92: Answers | I92: Solomon: The sine rule and the cosine rule | J92: Q 8, 11, 12 | K92: none | L92: Answers | M92: Area of Triangles - Sine and Cosine Rules | N92: Pages 1, 2 | O92: Marks | P92: P7
A93: Mt4 | B93: Sine and cosine rules | C93: 1 | F93: ▶ Watch | G93: Q 1–3, 5, 6, 9, 11, 16 | H93: Answers | I93: Solomon: The sine rule and the cosine rule | J93: Q 1–6, 9, 10 | K93: none | L93: Answers | M93: Area of Triangles - Sine and Cosine Rules | N93: Pages 1–3 | O93: Marks | P93: P7
A94: Mt5 | B94: Identity tan θ = sin θ / cos θ | C94: 1 | F94: Topic page | G94: Q 10–12, 14, 16, 28–30 | H94: Answers | I94: Solomon: Using trigonometric identities | J94: Q 1, 3–6 | K94: none | L94: Answers | M94: Identities | N94: Page 1 | O94: Marks | P94: P7
A95: Mt6 | B95: Identity sin²θ + cos²θ = 1 | C95: 1 | F95: Topic page | G95: Q 6–8, 13, 19, 21, 23, 24 | H95: Answers | I95: Solomon: Using trigonometric identities | J95: Q 2–7 | K95: none | L95: Answers | M95: Identities | N95: Page 1 | O95: Marks | P95: P7
A96: Mt7 | B96: Solve simple trigonometric equations | C96: 1 | F96: ▶ Watch | G96: Q 1–7, 25 | H96: Answers | I96: Solomon: Trigonometric Equations | J96: Q 1, 3–9 | K96: none | L96: Answers | M96: Equations | N96: Page 1 | O96: Marks | P96: P7
A97: Mt8 | B97: Exact values of trig functions (radians) | C97: 2 | F97: Topic page | G97: none on this topic | I97: Solomon: Trigonometric ratios and graphs | J97: Q 2, 4 | K97: none | L97: Answers | M97: Radians | N97: Page 1 | O97: Marks | P97: P7
A98: Mt9 | B98: Inverse trigonometric functions | C98: 2 | F98: ▶ Watch | G98: Q 20 | H98: Answers | I98: Solomon: Inverse trigonometric functions | J98: Q 1–5, 7–9 | K98: none | L98: Answers | M98: Equations | N98: Page 1 | O98: Marks | P98: P7
A99: Mt10 | B99: Radians and degree conversion | C99: 2 | F99: ▶ Watch | G99: Q 10 | H99: Answers | I99: Solomon: Radians, arcs and sectors | J99: Q 1–4 | K99: none | L99: Answers | M99: none for this topic | N99: none on this topic | P99: P7
A100: Mt11 | B100: Arc length and area of a sector | C100: 2 | F100: ▶ Watch | G100: Q 5–8, 12, 13, 17, 18 | H100: Answers | I100: Solomon: Radians, arcs and sectors | J100: Q 5–12 | K100: none | L100: Answers | M100: Radians | N100: Pages 1–4 | O100: Marks | P100: P7
A101: Mt12 | B101: Small angle approximations | C101: 2 | F101: ▶ Watch | G101: Q 1–4, 11, 14–16 | H101: Answers | I101: Edexcel: Small Angle Approximation | J101: Pages 1, 2 | K101: Marks | L101: Answers | M101: Radians | N101: Page 4 | O101: Marks | P101: P7
A102: Mt13 | B102: Sec, cosec and cot functions | C102: 2 | F102: ▶ Watch | G102: Q 2–7, 15 | H102: Answers | I102: Solomon: Secant, cosecant and cotangent | J102: Q 1, 2, 4–6, 10, 12, 15 | K102: none | L102: Answers | M102: Secant, Cosecant, Cotangent | N102: Page 1 | O102: Marks | P102: P7
A103: Mt14 | B103: Graphs of reciprocal trig functions | C103: 2 | F103: ▶ Watch | G103: Q 1 | H103: Answers | I103: Solomon: Secant, cosecant and cotangent | J103: Q 7–9 | K103: none | L103: Answers | M103: none for this topic | N103: none on this topic | P103: P7
A104: Mt15 | B104: Identities 1 + tan²θ = sec²θ and 1 + cot²θ = cosec²θ | C104: 2 | F104: Topic page | G104: Q 8–13, 16, 18 | H104: Answers | I104: Solomon: Pythagorean identities | J104: Q 1–8 | K104: none | L104: Answers | M104: Secant, Cosecant, Cotangent | N104: Page 1 | O104: Marks | P104: P7
A105: Mt16 | B105: Compound angle formulae | C105: 2 | F105: ▶ Watch | G105: Q 2, 3, 16, 18, 24, 25, 27 | H105: Answers | I105: Solomon: Addition and double angle formulae | J105: Q 1–4, 7–9, 11 | K105: none | L105: Answers | M105: Compound Angle Formulae | N105: Pages 1–3 | O105: Marks | P105: P7
A106: Mt17 | B106: Double angle identities | C106: 2 | F106: ▶ Watch | G106: Q 1, 4–6, 15, 20–22 | H106: Answers | I106: Solomon: Addition and double angle formulae | J106: Q 12–17 | K106: none | L106: Answers | M106: Proofs and Problems | N106: Pages 1, 2 | O106: Marks | P106: P7
A107: Mt18 | B107: a cos θ ± b sin θ as R sin(θ ± α) or R cos(θ ± α) | C107: 2 | F107: ▶ Watch | G107: Q 7–10, 13, 23, 26, 28 | H107: Answers | I107: Solomon: The expression a cos x + b sin x | J107: Q 1–8 | K107: none | L107: Answers | M107: Compound Angle Formulae | N107: Pages 1–4 | O107: Marks | P107: P7
A108: Mt19 | B108: Use identities to solve equations | C108: 2 | F108: ▶ Watch | G108: Q 4, 12, 14, 15, 18, 21, 24, 27 | H108: Answers | I108: Solomon: Mixed exam-style questions on trigonometry | J108: Q 1–3, 6–10 | K108: none | L108: Answers | M108: Secant, Cosecant, Cotangent | N108: Page 1 | O108: Marks | P108: P7
...

Sheet Statistics
A1: Statistics
A2: OCR MEI Paper 2 · 51 topics · pick R, A or G in the yellow Rating column for each one
A3: ="Rated so far: "&(COUNTIF($D$7:$D$67,"R")+COUNTIF($D$7:$D$67,"A")+COUNTIF($D$7:$D$67,"G"))&" of 51 Red "&COUNTIF($D$7:$D$67,"R")&" · Amber "&COUNTIF($D$7:$D$67,"A")&" · Green "&COUNTIF($D$7:$D$67,"G")
A5: Your check | F5: Maths Genie | I5: PMT practice | M5: OCR MEI past-paper questions
A6: Ref | B6: Topic | C6: Year | D6: Rating | E6: Notes | F6: Video | G6: Questions | H6: Answers | I6: Worksheet | J6: Questions | K6: Mark scheme | L6: Answers | M6: OCR MEI sheet | N6: Questions | O6: Mark scheme
A8: 1 | B8: Sampling | E8: 5 topics · Year 1: 5
A9: Mp21 | B9: Population and sample | C9: 1 | F9: ▶ Watch | G9: Q 4, 8 | H9: Answers | I9: Edexcel: Sampling methods 1 | J9: Pages 1–5 | K9: in the PDF | L9: in the PDF | M9: Data Presentation and Interpretation | N9: Page 11 | O9: Marks | P9: S1
A10: Mp22 | B10: Using samples to make informal inferences | C10: 1 | F10: Topic page | G10: Q 1 | H10: Answers | I10: Edexcel: Large data sets | J10: Pages 2, 5, 6 | K10: Marks | L10: Answers | M10: Data Presentation and Interpretation | N10: Pages 11, 15, 25 | O10: Marks | P10: S1
A11: Mp23 | B11: Random sampling | C11: 1 | F11: Topic page | G11: none on this topic | I11: Edexcel: Sampling methods 2 | J11: Pages 3, 4 | K11: in the PDF | L11: in the PDF | M11: Data Presentation and Interpretation | N11: Pages 8, 11, 15, 20, 25 | O11: Marks | P11: S1
A12: Mp24 | B12: Variety of sampling techniques | C12: 1 | F12: ▶ Watch | G12: Q 1–3, 5–8 | H12: Answers | I12: Edexcel: Sampling methods 2 | J12: Pages 1–5 | K12: in the PDF | L12: in the PDF | M12: Sampling | N12: Page 1 | O12: Marks | P12: S1
A13: Mp25 | B13: Select or evaluate sampling techniques | C13: 1 | F13: Topic page | G13: Q 4–8 | H13: Answers | I13: Edexcel: Sampling methods 2 | J13: Pages 1–5 | K13: in the PDF | L13: in the PDF | M13: Sampling | N13: Page 1 | O13: Marks | P13: S1
A15: 2 | B15: Data presentation and interpretation | E15: 15 topics · Year 1: 15
A16: MD1 | B16: Types of data and standard diagrams | C16: 1 | F16: ▶ Watch | G16: Q 1–3 | H16: Answers | I16: Edexcel: Representation and summary data | J16: Pages 13, 19, 23, 25, 27, 28, 31 | K16: in the PDF | L16: in the PDF | M16: Data Presentation and Interpretation | N16: Pages 2, 5, 9, 22, 26 | O16: Marks | P16: S2
A17: MD2 | B17: Area in a histogram is proportional to frequency | C17: 1 | F17: ▶ Watch | G17: Q 1–3, 5–8 | H17: Answers | I17: Edexcel: Representation and summary data | J17: Pages 1, 5, 8, 13, 16, 19, 29, 31 | K17: in the PDF | L17: in the PDF | M17: Data Presentation and Interpretation | N17: Pages 1, 4, 5, 19, 26 | O17: Marks | P17: S2
A18: MD3 | B18: Cumulative frequency diagram | C18: 1 | F18: ▶ Watch | G18: none on this topic | I18: none for this topic | J18: none on this topic | M18: Data Presentation and Interpretation | N18: Pages 2, 4, 17 | O18: Marks | P18: S2
A19: MD4 | B19: Describe frequency distributions | C19: 1 | F19: ▶ Watch | G19: Q 6 | H19: Answers | I19: Edexcel: Representation and summary data | J19: Pages 1, 3, 8, 13, 22, 26, 31, 32 | K19: in the PDF | L19: in the PDF | M19: Data Presentation and Interpretation | N19: Pages 2, 5, 10, 17, 21, 22, 25 | O19: Marks | P19: S2
A20: MD5 | B20: Samples and theoretical distributions (larger samples, closer fit) | C20: 1 | F20: Topic page | G20: none on this topic | I20: none for this topic | J20: none on this topic | M20: none for this topic | N20: none on this topic | P20: S2
A21: MD6 | B21: Interpret a scatter diagram | C21: 1 | F21: ▶ Watch | G21: Q 1–3 | H21: Answers | I21: Edexcel: Regression and Correlation | J21: Pages 1–3 | K21: none | L21: Answers | M21: Data Presentation and Interpretation | N21: Pages 11, 15, 20, 23 | O21: Marks | P21: S2
A22: MD7 | B22: Distinct sections and outliers in scatter diagrams | C22: 1 | F22: Topic page | G22: none on this topic | I22: Edexcel: Representation and summary data | J22: Page 14 | K22: in the PDF | L22: in the PDF | M22: Data Presentation and Interpretation | N22: Pages 11, 20 | O22: Marks | P22: S2
A23: MD8 | B23: Correlation and causation | C23: 1 | F23: ▶ Watch | G23: Q 5, 7 | H23: Answers | I23: Edexcel: Regression and Correlation | J23: Pages 1, 2, 4 | K23: Marks | L23: Answers | M23: Data Presentation and Interpretation | N23: Pages 9, 11, 15, 20 | O23: Marks | P23: S2
A24: MD9 | B24: Select or critique data presentation techniques | C24: 1 | F24: Topic page | G24: Q 5 | H24: Answers | I24: Edexcel: Representation and summary data | J24: Pages 19, 23, 27 | K24: in the PDF | L24: in the PDF | M24: Data Presentation and Interpretation | N24: Pages 14, 19, 20, 26 | O24: Marks | P24: S2
A25: MD10 | B25: Measures of central tendency | C25: 1 | F25: ▶ Watch | G25: Q 1–4 | H25: Answers | I25: Edexcel: Representation and summary data | J25: Pages 8, 9, 17, 21, 29, 31 | K25: in the PDF | L25: in the PDF | M25: Data Presentation and Interpretation | N25: Pages 1, 5, 9, 11, 19, 21 | O25: Marks | P25: S2
A26: MD11 | B26: Simple measures of spread | C26: 1 | F26: Topic page | G26: Q 1, 2, 4, 6, 8 | H26: Answers | I26: Edexcel: Representation and summary data | J26: Pages 2, 8, 12, 25, 26, 31–33 | K26: in the PDF | L26: in the PDF | M26: Data Presentation and Interpretation | N26: Pages 2, 4, 7, 10, 17, 25 | O26: Marks | P26: S2
A27: MD12 | B27: Variance and standard deviation | C27: 1 | F27: ▶ Watch | G27: Q 2–6, 8 | H27: Answers | I27: Edexcel: Representation and summary data | J27: Pages 1, 3, 5, 12, 23, 28–30 | K27: in the PDF | L27: in the PDF | M27: Data Presentation and Interpretation | N27: Pages 2, 4, 5, 7, 8, 11, 16, 21 | O27: Marks | P27: S2
A28: MD13 | B28: Outliers | C28: 1 | F28: ▶ Watch | G28: Q 1–5, 7, 8 | H28: Answers | I28: Edexcel: Representation and summary data | J28: Pages 2, 6, 12, 24, 30–32 | K28: in the PDF | L28: in the PDF | M28: Data Presentation and Interpretation | N28: Pages 2, 4, 7, 8, 10, 17, 21 | O28: Marks | P28: S2
A29: MD14 | B29: Cleaning data | C29: 1 | F29: Topic page | G29: Q 3, 4, 6, 8 | H29: Answers | I29: Edexcel: Data Presentation | J29: Pages 3, 6 | K29: none | L29: Answers | M29: Data Presentation and Interpretation | N29: Pages 2, 8, 26 | O29: Marks | P29: S2
A30: LDS | B30: The OCR MEI large data set (familiarity and context) | C30: 1 | F30: Topic page | G30: Q 1–8 | H30: Answers | I30: none for this topic | J30: none on this topic | M30: Data Presentation and Interpretation | N30: Pages 9, 11, 15, 20, 24, 26 | O30: Marks | P30: S2
A32: 3 | B32: Probability | E32: 7 topics · Year 1: 3 · Year 2: 4
A33: Mu1 | B33: Mutually exclusive and independent events | C33: 1 | F33: ▶ Watch | G33: Q 1, 2, 4–6 | H33: Answers | I33: Edexcel: Probability | J33: Pages 1, 2, 4, 8 | K33: none | L33: Answers | M33: Probability (Yr. 1) | N33: Pages 1, 3, 4 | O33: Marks | P33: S3
A34: Mu2 | B34: Add probabilities for mutually exclusive events | C34: 1 | F34: Topic page | G34: Q 2, 3, 6 | H34: Answers | I34: Edexcel: Probability | J34: Pages 3, 5, 15–17 | K34: in the PDF | L34: in the PDF | M34: Probability (Yr. 1) | N34: Pages 1, 3 | O34: Marks | P34: S3
A35: Mu3 | B35: Multiply probabilities for independent events | C35: 1 | F35: Topic page | G35: Q 1, 5 | H35: Answers | I35: Edexcel: Probability | J35: Pages 1, 15–17 | K35: in the PDF | L35: in the PDF | M35: Probability (Yr. 1) | N35: Pages 1–4 | O35: Marks | P35: S3
A36: Mu4 | B36: Mutually exclusive and independent events: notation and definitions | C36: 2 | F36: Topic page | G36: Q 2, 3, 9, 10 | H36: Answers | I36: Edexcel: Probability | J36: Pages 2, 5, 6, 11, 15, 19 | K36: in the PDF | L36: in the PDF | M36: Probability (Yr. 2) | N36: Pages 1, 2, 4 | O36: Marks | P36: S3
A37: Mu5 | B37: Venn diagrams for probabilities | C37: 2 | F37: ▶ Watch | G37: Q 1–7 | H37: Answers | I37: Edexcel: Probability | J37: Pages 2, 3, 7, 8, 10, 11, 13, 14 | K37: in the PDF | L37: in the PDF | M37: Probability (Yr. 2) | N37: Pages 1–3 | O37: Marks | P37: S3
A38: Mu6 | B38: Conditional probabilities | C38: 2 | F38: ▶ Watch | G38: Q 1, 2, 4, 6–8, 10 | H38: Answers | I38: Edexcel: Probability | J38: Pages 2, 3, 7, 8, 10, 12, 13, 19 | K38: in the PDF | L38: in the PDF | M38: Probability (Yr. 2) | N38: Pages 1–4 | O38: Marks | P38: S3
A39: Mu7 | B39: Independence via conditional probability | C39: 2 | F39: Topic page | G39: Q 2, 3, 9, 10 | H39: Answers | I39: Edexcel: Conditional Probability | J39: Pages 1, 3, 4 | K39: none | L39: Answers | M39: Probability (Yr. 2) | N39: Pages 1, 2, 4 | O39: Marks | P39: S3
A41: 4 | B41: Probability distributions | E41: 13 topics · Year 1: 7 · Year 2: 6
A42: MR1 | B42: Recognise binomial situations | C42: 1 | F42: Topic page | G42: Q 12 | H42: Answers | I42: Edexcel: Discrete distributions - Binomial | J42: Pages 1, 11, 14 | K42: in the PDF | L42: in the PDF | M42: Hypothesis Testing for Binomial Probabilities | N42: Page 10 | O42: Marks | P42: S4
A43: MR2 | B43: Probability of success p | C43: 1 | F43: Topic page | G43: Q 7, 8, 10 | H43: Answers | I43: Edexcel: Discrete distributions - Binomial | J43: Pages 2, 4, 8, 9, 11, 13, 14 | K43: in the PDF | L43: in the PDF | M43: Hypothesis Testing for Binomial Probabilities | N43: Pages 2, 10 | O43: Marks | P43: S4
A44: MR3 | B44: Calculate binomial probabilities | C44: 1 | F44: ▶ Watch | G44: Q 5–8, 10, 14 | H44: Answers | I44: Edexcel: Discrete distributions - Binomial | J44: Pages 1–5, 7, 10, 14 | K44: in the PDF | L44: in the PDF | M44: Binomial Distribution | N44: Pages 1–4 | O44: Marks | P44: S4
A45: MR4 | B45: Mean of the binomial distribution | C45: 1 | F45: Topic page | G45: none on this topic | I45: Edexcel: Discrete distributions - Binomial | J45: Page 9 | K45: in the PDF | L45: in the PDF | M45: Hypothesis Testing for Binomial Probabilities | N45: Pages 1, 4, 5, 10 | O45: Marks | P45: S4
A46: MR5 | B46: Expected frequencies for binomial | C46: 1 | F46: Topic page | G46: Q 14 | H46: Answers | I46: Edexcel: Binomial Distribution | J46: Page 3 | K46: none | L46: Answers | M46: Hypothesis Testing for Binomial Probabilities | N46: Page 10 | O46: Marks | P46: S4
A47: MR6 | B47: Probability functions and discrete random variables | C47: 1 | F47: ▶ Watch | G47: Q 1, 2, 7, 13, 15 | H47: Answers | I47: Edexcel: Probability | J47: Pages 3, 6, 10, 12, 13 | K47: none | L47: Answers | M47: Discrete Probability Distributions | N47: Pages 1, 2 | O47: Marks | P47: S4
A48: MR7 | B48: Numerical probabilities for a simple distribution | C48: 1 | F48: Topic page | G48: Q 3, 7–9, 11, 15 | H48: Answers | I48: Edexcel: Probability | J48: Pages 3, 6, 10, 12, 13 | K48: none | L48: Answers | M48: Discrete Probability Distributions | N48: Pages 1, 2 | O48: Marks | P48: S4
A49: MR8 | B49: Normal distribution as a model | C49: 2 | F49: ▶ Watch | G49: none on this topic | I49: Edexcel: Normal Distribution | J49: Pages 2, 3, 5–7 | K49: none | L49: Answers | M49: Hypothesis Testing for Normal Mean | N49: Pages 1, 2 | O49: Marks | P49: S4
A50: MR9 | B50: Shape of the Normal curve | C50: 2 | F50: Topic page | G50: none on this topic | I50: Edexcel: Normal distribution | J50: Pages 1, 5, 7, 9 | K50: in the PDF | L50: in the PDF | M50: Normal Distribution | N50: Pages 3, 4 | O50: Marks | P50: S4
A51: MR10 | B51: Linear transformation and standardising | C51: 2 | F51: ▶ Watch | G51: Q 4–7, 12 | H51: Answers | I51: Edexcel: Normal distribution | J51: Pages 1–3, 5, 7–10 | K51: in the PDF | L51: in the PDF | M51: Normal Distribution | N51: Pages 1, 3–7 | O51: Marks | P51: S4
A52: MR11 | B52: Symmetry and inflection of Normal curve | C52: 2 | F52: Topic page | G52: none on this topic | I52: Edexcel: Normal distribution | J52: Pages 2, 3, 9 | K52: in the PDF | L52: in the PDF | M52: Normal Distribution | N52: Pages 3–6 | O52: Marks | P52: S4
A53: MR12 | B53: Calculate probabilities from a Normal distribution | C53: 2 | F53: ▶ Watch | G53: Q 1–3, 8, 9, 11 | H53: Answers | I53: Edexcel: Normal distribution | J53: Pages 1–6 | K53: in the PDF | L53: in the PDF | M53: Normal Distribution | N53: Pages 1–4, 6 | O53: Marks | P53: S4
A54: MR13 | B54: Model with probability distributions | C54: 2 | F54: ▶ Watch | G54: Q 12, 14 | H54: Answers | I54: Edexcel: Binomial Distribution | J54: Pages 1–3 | K54: none | L54: Answers | M54: Normal Distribution | N54: Page 7 | O54: Marks | P54: S4
A56: 5 | B56: Statistical hypothesis testing | E56: 11 topics · Year 1: 6 · Year 2: 5
A57: MH1 | B57: Process and language of hypothesis testing | C57: 1 | F57: Topic page | G57: Q 7 | H57: Answers | I57: Edexcel: Tests on Binomial | J57: Pages 1, 3, 5 | K57: none | L57: Answers | M57: Hypothesis Testing for Binomial Probabilities | N57: Pages 2, 3, 5 | O57: Marks | P57: S5
A58: MH2 | B58: When to apply 1-tail and 2-tail tests | C58: 1 | F58: ▶ Watch | G58: Q 9 | H58: Answers | I58: none for this topic | J58: none on this topic | M58: Hypothesis Testing for Binomial Probabilities | N58: Pages 1–3, 5, 8 | O58: Marks | P58: S5
A59: MH3 | B59: Significance level as the probability of wrongly rejecting H₀ | C59: 1 | F59: Topic page | G59: Q 7 | H59: Answers | I59: Edexcel: Tests on Binomial | J59: Pages 2, 3 | K59: Marks | L59: Answers | M59: Normal Distribution | N59: Page 2 | O59: Marks | P59: S5
A60: MH4 | B60: Null and alternative hypotheses (binomial) | C60: 1 | F60: Topic page | G60: Q 8 | H60: Answers | I60: Edexcel: Tests on Binomial | J60: Pages 2, 3 | K60: Marks | L60: Answers | M60: Hypothesis Testing for Binomial Probabilities | N60: Pages 2, 3, 5, 6, 8 | O60: Marks | P60: S5
A61: MH5 | B61: Conduct a binomial hypothesis test | C61: 1 | F61: Topic page | G61: Q 3–7 | H61: Answers | I61: Edexcel: Hypothesis tests - Tests on binomial | J61: Pages 1, 3–6 | K61: in the PDF | L61: in the PDF | M61: Hypothesis Testing for Binomial Probabilities | N61: Pages 1–4, 6, 8–10 | O61: Marks | P61: S5
A62: MH6 | B62: Critical and acceptance regions (binomial) | C62: 1 | F62: ▶ Watch | G62: Q 7 | H62: Answers | I62: Edexcel: Hypothesis tests - Tests on binomial | J62: Pages 1, 2, 4, 6, 7 | K62: in the PDF | L62: in the PDF | M62: Hypothesis Testing for Binomial Probabilities | N62: Pages 3, 5, 6 | O62: Marks | P62: S5
A63: MH7 | B63: Distribution of the sample mean | C63: 2 | F63: Topic page | G63: none on this topic | I63: Edexcel: Sampling methods 2 | J63: Page 2 | K63: in the PDF | L63: in the PDF | M63: none for this topic | N63: none on this topic | P63: S5
A64: MH8 | B64: Hypothesis test for a single mean | C64: 2 | F64: ▶ Watch | G64: Q 8–13 | H64: Answers | I64: Edexcel: Normal Distribution | J64: Pages 1, 4, 6, 7 | K64: none | L64: Answers | M64: Hypothesis Testing for Normal Mean | N64: Pages 2, 3, 5, 6 | O64: Marks | P64: S5
A65: MH9 | B65: Critical and acceptance regions (mean) | C65: 2 | F65: Topic page | G65: none on this topic | I65: none for this topic | J65: none on this topic | M65: Hypothesis Testing for Normal Mean | N65: Page 5 | O65: Marks | P65: S5
A66: MH10 | B66: Correlation as closeness to a straight line | C66: 2 | F66: ▶ Watch | G66: Q 1, 5, 6, 9 | H66: Answers | I66: Edexcel: Regression, Correlation and Hypothesis Testing | J66: Pages 1–5 | K66: none | L66: Answers | M66: Hypothesis Testing for Correlation and Association | N66: Pages 1, 2 | O66: Marks | P66: S5
A67: MH11 | B67: Inference using a correlation coefficient | C67: 2 | F67: ▶ Watch | G67: Q 1–6, 10, 11 | H67: Answers | I67: Edexcel: Regression, Correlation and Hypothesis Testing | J67: Pages 1–5 | K67: none | L67: Answers | M67: Hypothesis Testing for Correlation and Association | N67: Pages 1, 2, 4 | O67: Marks | P67: S5

Sheet Mechanics
A1: Mechanics
A2: OCR MEI Paper 1 · 45 topics · pick R, A or G in the yellow Rating column for each one
A3: ="Rated so far: "&(COUNTIF($D$7:$D$65,"R")+COUNTIF($D$7:$D$65,"A")+COUNTIF($D$7:$D$65,"G"))&" of 45 Red "&COUNTIF($D$7:$D$65,"R")&" · Amber "&COUNTIF($D$7:$D$65,"A")&" · Green "&COUNTIF($D$7:$D$65,"G")
A5: Your check | F5: Maths Genie | I5: PMT practice | M5: OCR MEI past-paper questions
A6: Ref | B6: Topic | C6: Year | D6: Rating | E6: Notes | F6: Video | G6: Questions | H6: Answers | I6: Worksheet | J6: Questions | K6: Mark scheme | L6: Answers | M6: OCR MEI sheet | N6: Questions | O6: Mark scheme
A8: 1 | B8: Models and quantities | E8: 5 topics · Year 1: 4 · Year 2: 1
A9: Mp31 | B9: Language of simplifying assumptions | C9: 1 | F9: Topic page | G9: Q 2, 3, 5, 7 | H9: Answers | I9: Edexcel: Connected particles | J9: Pages 2, 5–8, 11–13 | K9: in the PDF | L9: in the PDF | M9: Calculus in Kinematics | N9: Pages 3, 4 | O9: Marks | P9: M1
A10: Mp32 | B10: The particle model | C10: 1 | F10: Topic page | G10: Q 1, 2, 6 | H10: Answers | I10: Edexcel: Moments - Moments about a point 1 | J10: Pages 3, 10 | K10: in the PDF | L10: in the PDF | M10: none for this topic | N10: none on this topic | P10: M1
A11: Mp33 | B11: Fundamental quantities and units | C11: 1 | F11: Topic page | G11: none on this topic | I11: none for this topic | J11: none on this topic | M11: none for this topic | N11: none on this topic | P11: M1
A12: Mp34 | B12: Derived quantities and units | C12: 1 | F12: Topic page | G12: Q 3 | H12: Answers | I12: Edexcel: by Graphical Methods | J12: Page 1 | K12: Marks | L12: Answers | M12: none for this topic | N12: none on this topic | P12: M1
A13: Mp35 | B13: Derived quantity: moment | C13: 2 | F13: Topic page | G13: none on this topic | I13: none for this topic | J13: none on this topic | M13: Rigid Bodies in Equilibrium | N13: Page 3 | O13: Marks | P13: M1
A15: 2 | B15: Kinematics in 1 dimension | E15: 8 topics · Year 1: 8
A16: Mk1 | B16: Language of kinematics | C16: 1 | F16: ▶ Watch | G16: none on this topic | I16: Edexcel: Uniform Acceleration Formulae | J16: Pages 1, 3 | K16: Marks | L16: Answers | M16: Motion in 1 Dimension, Kinematics Graphs and Constant Acceleration Formulae | N16: Page 5 | O16: Marks | P16: M2
A17: Mk2 | B17: Position, displacement, distance and distance travelled | C17: 1 | F17: Topic page | G17: Q 1, 4, 7, 9 | H17: Answers | I17: Edexcel: Problems in Calculus | J17: Pages 1–3 | K17: Marks | L17: Answers | M17: Calculus in Kinematics | N17: Pages 1, 4 | O17: Marks | P17: M2
A18: Mk3 | B18: Velocity, speed and acceleration distinctions | C18: 1 | F18: Topic page | G18: Q 6, 7 | H18: Answers | I18: Edexcel: Problems in Calculus | J18: Page 3 | K18: Marks | L18: Answers | M18: Calculus in Kinematics | N18: Pages 1, 4 | O18: Marks | P18: M2
A19: Mk4 | B19: Draw and interpret kinematics graphs | C19: 1 | F19: ▶ Watch | G19: Q 1–4 | H19: Answers | I19: Edexcel: by graphical methods | J19: Pages 1–5, 7 | K19: in the PDF | L19: in the PDF | M19: Motion in 1 Dimension, Kinematics Graphs and Constant Acceleration Formulae | N19: Pages 1–5 | O19: Marks | P19: M2
A20: Mk5 | B20: Differentiate position and velocity | C20: 1 | F20: ▶ Watch | G20: Q 4, 5, 8, 9, 11 | H20: Answers | I20: Edexcel: Problems in Calculus | J20: Pages 1–3 | K20: Marks | L20: Answers | M20: Calculus in Kinematics | N20: Pages 1, 4 | O20: Marks | P20: M2
A21: Mk6 | B21: Integrate acceleration and velocity | C21: 1 | F21: ▶ Watch | G21: Q 1–4, 6, 7, 10, 12 | H21: Answers | I21: Edexcel: Problems with calculus | J21: Pages 1–5 | K21: in the PDF | L21: in the PDF | M21: Calculus in Kinematics | N21: Pages 2–4 | O21: Marks | P21: M2
A22: Mk7 | B22: When constant acceleration formulae apply | C22: 1 | F22: Topic page | G22: Q 4, 8 | H22: Answers | I22: Edexcel: by Graphical Methods | J22: Page 1 | K22: none | L22: Answers | M22: Motion in 1 Dimension, Kinematics Graphs and Constant Acceleration Formulae | N22: Page 6 | O22: Marks | P22: M2
A23: Mk8 | B23: Solve 1-D kinematics problems | C23: 1 | F23: ▶ Watch | G23: Q 2, 5–10, 15 | H23: Answers | I23: Edexcel: Uniform acceleration formulae | J23: Pages 1, 4–7, 9 | K23: in the PDF | L23: in the PDF | M23: Motion in 1 Dimension, Kinematics Graphs and Constant Acceleration Formulae | N23: Pages 1–5 | O23: Marks | P23: M2
A25: 3 | B25: Kinematics in 2 dimensions | E25: 4 topics · Year 2: 4
A26: Mk9 | B26: Language of kinematics in 2 dimensions | C26: 2 | F26: Topic page | G26: Q 2–4, 12, 16, 21 | H26: Answers | I26: Edexcel: Problems with vectors 1 | J26: Pages 1, 4, 5, 7, 9 | K26: in the PDF | L26: in the PDF | M26: Motion in 2 Dimensions | N26: Pages 1–3 | O26: Marks | P26: M3
A27: Mk10 | B27: Extending 1-D kinematics to 2-D using vectors | C27: 2 | F27: ▶ Watch | G27: Q 1, 10, 13, 14, 16–19 | H27: Answers | I27: Edexcel: Problems in Calculus | J27: Pages 5–10 | K27: none | L27: Answers | M27: Motion in 2 Dimensions | N27: Pages 1–4 | O27: Marks | P27: M3
A28: Mk11 | B28: Cartesian equation of a path | C28: 2 | F28: Topic page | G28: Q 6 | H28: Answers | I28: Edexcel: Projectiles 2 | J28: Pages 2, 3 | K28: in the PDF | L28: in the PDF | M28: Motion in 2 Dimensions | N28: Pages 2–4 | O28: Marks | P28: M3
A29: Mk12 | B29: Vectors to solve kinematics problems | C29: 2 | F29: ▶ Watch | G29: Q 5, 7–9, 12, 14, 18, 20 | H29: Answers | I29: Edexcel: Problems with vectors 1 | J29: Pages 1, 3, 4, 6–10 | K29: in the PDF | L29: in the PDF | M29: Motion in 2 Dimensions | N29: Pages 1–4 | O29: Marks | P29: M3
A31: 4 | B31: Projectiles | E31: 5 topics · Year 2: 5
A32: My1 | B32: Model motion under gravity using vectors | C32: 2 | F32: ▶ Watch | G32: Q 2, 5, 7–9 | H32: Answers | I32: Edexcel: Projectiles 2 | J32: Pages 2, 4, 8, 11 | K32: in the PDF | L32: in the PDF | M32: Motion Under Gravity in Two Dimensions | N32: Pages 3, 4, 8 | O32: Marks | P32: M4
A33: My2 | B33: Position, velocity, range and maximum height | C33: 2 | F33: ▶ Watch | G33: Q 1–7, 9 | H33: Answers | I33: Edexcel: Projectiles 2 | J33: Pages 1, 4–6, 9, 11–13 | K33: in the PDF | L33: in the PDF | M33: Motion Under Gravity in Two Dimensions | N33: Pages 1–3, 5, 7, 8 | O33: Marks | P33: M4
A34: My3 | B34: Find the initial velocity of a projectile | C34: 2 | F34: Topic page | G34: Q 3–5, 7–9 | H34: Answers | I34: Edexcel: Projectiles 2 | J34: Pages 1, 4, 8, 9, 11, 12 | K34: in the PDF | L34: in the PDF | M34: Motion Under Gravity in Two Dimensions | N34: Pages 5, 6, 8 | O34: Marks | P34: M4
A35: My4 | B35: Equation of the trajectory | C35: 2 | F35: Topic page | G35: Q 6 | H35: Answers | I35: Edexcel: Projectiles 2 | J35: Pages 2, 3 | K35: in the PDF | L35: in the PDF | M35: Motion Under Gravity in Two Dimensions | N35: Pages 3, 7 | O35: Marks | P35: M4
A36: My5 | B36: Solve simple projectile problems | C36: 2 | F36: ▶ Watch | G36: Q 2–9 | H36: Answers | I36: Edexcel: Projectiles 2 | J36: Pages 1, 3, 5, 8, 9, 12, 13 | K36: in the PDF | L36: in the PDF | M36: Motion Under Gravity in Two Dimensions | N36: Pages 1–5, 7 | O36: Marks | P36: M4
A38: 5 | B38: Forces | E38: 12 topics · Year 1: 5 · Year 2: 7
A39: MF1 | B39: Language relating to forces | C39: 1 | F39: Topic page | G39: Q 8 | H39: Answers | I39: Edexcel: F = ma on a slope | J39: Page 3 | K39: none | L39: Answers | M39: Forces | N39: Page 1 | O39: Marks | P39: M5
A40: MF2 | B40: Acceleration due to gravity | C40: 1 | F40: Topic page | G40: none on this topic | I40: none for this topic | J40: none on this topic | M40: Motion Under Gravity in Two Dimensions | N40: Page 6 | O40: Marks | P40: M5
A41: MF3 | B41: Identify forces and draw force diagrams | C41: 1 | F41: ▶ Watch | G41: none on this topic | I41: Edexcel: Statics - Equilibrium problems | J41: Page 2 | K41: in the PDF | L41: in the PDF | M41: Forces | N41: Page 1 | O41: Marks | P41: M5
A42: MF4 | B42: Resultant of concurrent forces | C42: 1 | F42: ▶ Watch | G42: Q 9, 12 | H42: Answers | I42: Edexcel: Statics | J42: Page 3 | K42: in the PDF | L42: in the PDF | M42: Vectors (Yr. 1) | N42: Page 1 | O42: Marks | P42: M5
A43: MF5 | B43: Equilibrium of a particle | C43: 1 | F43: Topic page | G43: Q 6 | H43: Answers | I43: none for this topic | J43: none on this topic | M43: Forces | N43: Pages 1, 2 | O43: Marks | P43: M5
A44: MF6 | B44: Resolve a force into components | C44: 2 | F44: ▶ Watch | G44: Q 1, 2, 8 | H44: Answers | I44: Edexcel: Statics | J44: Pages 1, 2, 4, 5 | K44: in the PDF | L44: in the PDF | M44: Vector Treatment of Forces | N44: Pages 1–3 | O44: Marks | P44: M5
A45: MF7 | B45: Equilibrium condition for resultant zero | C45: 2 | F45: Topic page | G45: Q 1, 2 | H45: Answers | I45: Edexcel: Statics - Equilibrium problems | J45: Pages 4, 5, 7, 9, 12, 13 | K45: in the PDF | L45: in the PDF | M45: Vector Treatment of Forces | N45: Pages 1–3 | O45: Marks | P45: M5
A46: MF8 | B46: Forces in equilibrium sum to zero | C46: 2 | F46: Topic page | G46: Q 6 | H46: Answers | I46: Edexcel: Statics - Equilibrium problems | J46: Pages 5, 9, 12, 13 | K46: in the PDF | L46: in the PDF | M46: Forces | N46: Page 1 | O46: Marks | P46: M5
A47: MF9 | B47: Equations for a particle in equilibrium | C47: 2 | F47: ▶ Watch | G47: Q 1, 2 | H47: Answers | I47: Edexcel: Statics - Equilibrium problems | J47: Pages 4, 5, 7, 9, 12, 13 | K47: in the PDF | L47: in the PDF | M47: Vector Treatment of Forces | N47: Pages 1, 3 | O47: Marks | P47: M5
A48: MF10 | B48: Frictional force and normal contact force | C48: 2 | F48: Topic page | G48: Q 8 | H48: Answers | I48: Edexcel: Statics - Equilibrium problems | J48: Pages 2, 4, 7 | K48: in the PDF | L48: in the PDF | M48: Frictional Force and Normal Contact Force | N48: Page 1 | O48: Marks | P48: M5
A49: MF11 | B49: Modelling friction with F ≤ μR | C49: 2 | F49: Topic page | G49: Q 3, 4, 6, 7, 10 | H49: Answers | I49: Edexcel: Statics - Equilibrium problems | J49: Pages 2, 4–7, 10, 11, 13 | K49: in the PDF | L49: in the PDF | M49: Frictional Force and Normal Contact Force | N49: Pages 2, 3 | O49: Marks | P49: M5
A50: MF12 | B50: Apply Newton's Laws to friction problems | C50: 2 | F50: ▶ Watch | G50: Q 5, 8–10 | H50: Answers | I50: Edexcel: F = ma on a slope | J50: Pages 1–5 | K50: in the PDF | L50: in the PDF | M50: Frictional Force and Normal Contact Force | N50: Pages 1, 3 | O50: Marks | P50: M5
A52: 6 | B52: Newton's laws of motion | E52: 7 topics · Year 1: 6 · Year 2: 1
A53: Mn1 | B53: Meaning of Newton's three laws | C53: 1 | F53: Topic page | G53: Q 3–5 | H53: Answers | I53: Edexcel: Forces and Newton's Laws of Motion | J53: Pages 1, 2, 5 | K53: Marks | L53: Answers | M53: Newton's Laws of Motion (Yr. 1) | N53: Pages 2, 3 | O53: Marks | P53: M6
A54: Mn2 | B54: Meaning of the term 'equation of motion' | C54: 1 | F54: Topic page | G54: none on this topic | I54: Edexcel: Connected particles | J54: Pages 5, 7, 13 | K54: in the PDF | L54: in the PDF | M54: Newton's Laws of Motion (Yr. 2) | N54: Pages 4, 5 | O54: Marks | P54: M6
A55: Mn3 | B55: Equation of motion for a particle in a straight line | C55: 1 | F55: ▶ Watch | G55: Q 3–5, 7 | H55: Answers | I55: Edexcel: F = ma horizontally | J55: Pages 1–4 | K55: in the PDF | L55: in the PDF | M55: Newton's Laws of Motion (Yr. 1) | N55: Pages 1, 2 | O55: Marks | P55: M6
A56: Mn4 | B56: Model a system of connected particles | C56: 1 | F56: ▶ Watch | G56: Q 1–5, 13–15 | H56: Answers | I56: Edexcel: Connected particles | J56: Pages 1–3, 6, 8, 11, 15, 16 | K56: in the PDF | L56: in the PDF | M56: Newton's Laws of Motion (Yr. 1) | N56: Pages 1–4 | O56: Marks | P56: M6
A57: Mn5 | B57: Equations of motion for individual particles | C57: 1 | F57: ▶ Watch | G57: Q 1–5, 13–15 | H57: Answers | I57: Edexcel: Connected particles | J57: Pages 1–3, 6, 8, 11, 15, 16 | K57: in the PDF | L57: in the PDF | M57: Newton's Laws of Motion (Yr. 1) | N57: Pages 1–4 | O57: Marks | P57: M6
A58: Mn6 | B58: System with no relative motion as a single particle | C58: 1 | F58: Topic page | G58: Q 3–5 | H58: Answers | I58: Edexcel: Connected particles | J58: Pages 3, 8, 9, 15 | K58: in the PDF | L58: in the PDF | M58: Newton's Laws of Motion (Yr. 1) | N58: Pages 2, 3 | O58: Marks | P58: M6
A59: Mn7 | B59: Equation of motion in a straight line or plane | C59: 2 | F59: Topic page | G59: Q 7 | H59: Answers | I59: Edexcel: F = ma horizontally | J59: Pages 2–4 | K59: in the PDF | L59: in the PDF | M59: Newton's Laws of Motion (Yr. 2) | N59: Pages 1, 2, 5–7 | O59: Marks | P59: M6
A61: 7 | B61: Rigid bodies | E61: 4 topics · Year 2: 4
A62: MF13 | B62: Moment of a force | C62: 2 | F62: Topic page | G62: Q 1, 2 | H62: Answers | I62: Edexcel: Moments - Moments about a point 1 | J62: Pages 3, 5, 8, 9 | K62: in the PDF | L62: in the PDF | M62: Rigid Bodies in Equilibrium | N62: Pages 1, 3 | O62: Marks | P62: M7
A63: MF14 | B63: Equilibrium of a rigid body | C63: 2 | F63: ▶ Watch | G63: Q 2–4 | H63: Answers | I63: Edexcel: Moments - Moments about a point 1 | J63: Pages 1–5, 7, 9 | K63: in the PDF | L63: in the PDF | M63: Rigid Bodies in Equilibrium | N63: Pages 1–3 | O63: Marks | P63: M7
A64: MF15 | B64: Turning effect of forces | C64: 2 | F64: ▶ Watch | G64: Q 1, 2 | H64: Answers | I64: Edexcel: Moments - Moments about a point 1 | J64: Pages 3, 6, 7, 10 | K64: in the PDF | L64: in the PDF | M64: Rigid Bodies in Equilibrium | N64: Pages 1, 3 | O64: Marks | P64: M7
A65: MF16 | B65: Weight acting through a point | C65: 2 | F65: ▶ Watch | G65: Q 3, 4 | H65: Answers | I65: Edexcel: Moments - Moments about a point 1 | J65: Pages 5, 9 | K65: in the PDF | L65: in the PDF | M65: Rigid Bodies in Equilibrium | N65: Page 1 | O65: Marks | P65: M7

Sheet OCR MEI sheets
A1: OCR MEI topic sheets
A2: Real OCR MEI exam questions grouped by topic, with the mark scheme at the back of each PDF. Try a sheet once most of its topics are Amber or Green.
A4: Sheet | B4: Questions | C4: Mark scheme | D4: Done? | E4: Score / notes
A6: Pure maths · Papers 1, 2 and 3
A7: Graphs (Yr. 1) | B7: Questions | C7: Marks
A8: Inequalities | B8: Questions | C8: Marks
A9: Polynomials | B9: Questions | C9: Marks
A10: Solution of Equations | B10: Questions | C10: Marks
A11: Surds and Indices | B11: Questions | C11: Marks
A12: Graphs (Yr. 2) | B12: Questions | C12: Marks
A13: Partial Fractions | B13: Questions | C13: Marks
A14: Rational Expressions | B14: Questions | C14: Marks
A15: The Language of Functions | B15: Questions | C15: Marks
A16: The Modulus Function | B16: Questions | C16: Marks
A17: Curves | B17: Questions | C17: Marks
A18: Straight Lines | B18: Questions | C18: Marks
... A49: Vectors (Yr. 2) | B49: Questions | C49: Marks
A51: Statistics · Paper 2
A52: Data Presentation and Interpretation | B52: Questions | C52: Marks
A53: Hypothesis Testing for Binomial Probabilities | B53: Questions | C53: Marks
A54: Hypothesis Testing for Correlation and Association | B54: Questions | C54: Marks
A55: Hypothesis Testing for Normal Mean | B55: Questions | C55: Marks
A56: Probability (Yr. 1) | B56: Questions | C56: Marks
A57: Probability (Yr. 2) | B57: Questions | C57: Marks
A58: Binomial Distribution | B58: Questions | C58: Marks
A59: Discrete Probability Distributions | B59: Questions | C59: Marks
A60: Normal Distribution | B60: Questions | C60: Marks
A61: Sampling | B61: Questions | C61: Marks
A63: Mechanics · Paper 1
A64: Forces | B64: Questions | C64: Marks
A65: Newton's Laws of Motion (Yr. 1) | B65: Questions | C65: Marks
A66: Frictional Force and Normal Contact Force | B66: Questions | C66: Marks
A67: Newton's Laws of Motion (Yr. 2) | B67: Questions | C67: Marks
A68: Rigid Bodies in Equilibrium | B68: Questions | C68: Marks
A69: Vector Treatment of Forces | B69: Questions | C69: Marks
A70: Calculus in Kinematics | B70: Questions | C70: Marks
A71: Motion in 1 Dimension, Kinematics Graphs and Constant Acceleration Formulae | B71: Questions | C71: Marks
A72: Motion Under Gravity in Two Dimensions | B72: Questions | C72: Marks
A73: Motion in 2 Dimensions | B73: Questions | C73: Marks

Sheet Progress
A1: Progress
A2: This page fills itself in from your ratings. Nothing to type here except the yellow cells, if you want to change them.
A4: =TEXT((COUNTIFS('Pure'!$D$7:$D$181,"R",'Pure'!$C$7:$C$181,">0")+COUNTIFS('Statistics'!$D$7:$D$67,"R",'Statistics'!$C$7:$C$67,">0")+COUNTIFS('Mechanics'!$D$7:$D$65,"R",'Mechanics'!$C$7:$C$65,">0")+COUNTIFS('Pure'!$D$7:$D$181,"A",'Pure'!$C$7:$C$181,">0")+COUNTIFS('Statistics'!$D$7:$D$67,"A",'Statistics'!$C$7:$C$67,">0")+COUNTIFS('Mechanics'!$D$7:$D$65,"A",'Mechanics'!$C$7:$C$65,">0")+COUNTIFS('Pure'!$D$7:$D$181,"G",'Pure'!$C$7:$C$181,">0")+COUNTIFS('Statistics'!$D$7:$D$67,"G",'Statistics'!$C$7:$C$67,">0")+COUNTIFS('Mechanics'!$D$7:$D$65,"G",'Mechanics'!$C$7:$C$65,">0"))/245,"0%") | C4: =COUNTIFS('Pure'!$D$7:$D$181,"R",'Pure'!$C$7:$C$181,">0")+COUNTIFS('Statistics'!$D$7:$D$67,"R",'Statistics'!$C$7:$C$67,">0")+COUNTIFS('Mechanics'!$D$7:$D$65,"R",'Mechanics'!$C$7:$C$65,">0") | E4: =COUNTIFS('Pure'!$D$7:$D$181,"A",'Pure'!$C$7:$C$181,">0")+COUNTIFS('Statistics'!$D$7:$D$67,"A",'Statistics'!$C$7:$C$67,">0")+COUNTIFS('Mechanics'!$D$7:$D$65,"A",'Mechanics'!$C$7:$C$65,">0") | G4: =COUNTIFS('Pure'!$D$7:$D$181,"G",'Pure'!$C$7:$C$181,">0")+COUNTIFS('Statistics'!$D$7:$D$67,"G",'Statistics'!$C$7:$C$67,">0")+COUNTIFS('Mechanics'!$D$7:$D$65,"G",'Mechanics'!$C$7:$C$65,">0")
A5: Topics rated (of 245) | C5: Red | E5: Amber | G5: Green
A7: Your practice plan
A8: Rating | B8: Topics | C8: Qs each | D8: Qs total | E8: What to do
A9: Red | B9: =COUNTIFS('Pure'!$D$7:$D$181,"R",'Pure'!$C$7:$C$181,">0")+COUNTIFS('Statistics'!$D$7:$D$67,"R",'Statistics'!$C$7:$C$67,">0")+COUNTIFS('Mechanics'!$D$7:$D$65,"R",'Mechanics'!$C$7:$C$65,">0") | C9: 10 | D9: =B9*C9 | E9: Full worksheet, taught first
A10: Amber | B10: =COUNTIFS('Pure'!$D$7:$D$181,"A",'Pure'!$C$7:$C$181,">0")+COUNTIFS('Statistics'!$D$7:$D$67,"A",'Statistics'!$C$7:$C$67,">0")+COUNTIFS('Mechanics'!$D$7:$D$65,"A",'Mechanics'!$C$7:$C$65,">0") | C10: 5 | D10: =B10*C10 | E10: Practise until 3 right in a row
A11: Green | B11: =COUNTIFS('Pure'!$D$7:$D$181,"G",'Pure'!$C$7:$C$181,">0")+COUNTIFS('Statistics'!$D$7:$D$67,"G",'Statistics'!$C$7:$C$67,">0")+COUNTIFS('Mechanics'!$D$7:$D$65,"G",'Mechanics'!$C$7:$C$65,">0") | C11: 2 | D11: =B11*C11 | E11: 2-question spot check
A12: Not rated yet | B12: =COUNTIFS('Pure'!$C$7:$C$181,">0")+COUNTIFS('Statistics'!$C$7:$C$67,">0")+COUNTIFS('Mechanics'!$C$7:$C$65,">0")-B9-B10-B11
A13: Total questions | D13: =SUM(D9:D11)
A14: Minutes per question | D14: 6
A15: Hours of practice | D15: =ROUND(D13*D14/60,1)
A16: OCR MEI topic sheets done | D16: =COUNTIF('OCR MEI sheets'!$D$5:$D$73,"Done")&" of 63"
A18: By year
B19: Topics | C19: Red | D19: Amber | E19: Green | F19: Not rated | G19: % Green
A20: Year 1 (AS content) | B20: =COUNTIFS('Pure'!$C$7:$C$181,1)+COUNTIFS('Statistics'!$C$7:$C$67,1)+COUNTIFS('Mechanics'!$C$7:$C$65,1) | C20: =COUNTIFS('Pure'!$C$7:$C$181,1,'Pure'!$D$7:$D$181,"R")+COUNTIFS('Statistics'!$C$7:$C$67,1,'Statistics'!$D$7:$D$67,"R")+COUNTIFS('Mechanics'!$C$7:$C$65,1,'Mechanics'!$D$7:$D$65,"R") | D20: =COUNTIFS('Pure'!$C$7:$C$181,1,'Pure'!$D$7:$D$181,"A")+COUNTIFS('Statistics'!$C$7:$C$67,1,'Statistics'!$D$7:$D$67,"A")+COUNTIFS('Mechanics'!$C$7:$C$65,1,'Mechanics'!$D$7:$D$65,"A") | E20: =COUNTIFS('Pure'!$C$7:$C$181,1,'Pure'!$D$7:$D$181,"G")+COUNTIFS('Statistics'!$C$7:$C$67,1,'Statistics'!$D$7:$D$67,"G")+COUNTIFS('Mechanics'!$C$7:$C$65,1,'Mechanics'!$D$7:$D$65,"G") | F20: =COUNTIFS('Pure'!$C$7:$C$181,1,'Pure'!$D$7:$D$181,"")+COUNTIFS('Statistics'!$C$7:$C$67,1,'Statistics'!$D$7:$D$67,"")+COUNTIFS('Mechanics'!$C$7:$C$65,1,'Mechanics'!$D$7:$D$65,"") | G20: =IFERROR(E20/B20,0)
A21: Year 2 | B21: =COUNTIFS('Pure'!$C$7:$C$181,2)+COUNTIFS('Statistics'!$C$7:$C$67,2)+COUNTIFS('Mechanics'!$C$7:$C$65,2) | C21: =COUNTIFS('Pure'!$C$7:$C$181,2,'Pure'!$D$7:$D$181,"R")+COUNTIFS('Statistics'!$C$7:$C$67,2,'Statistics'!$D$7:$D$67,"R")+COUNTIFS('Mechanics'!$C$7:$C$65,2,'Mechanics'!$D$7:$D$65,"R") | D21: =COUNTIFS('Pure'!$C$7:$C$181,2,'Pure'!$D$7:$D$181,"A")+COUNTIFS('Statistics'!$C$7:$C$67,2,'Statistics'!$D$7:$D$67,"A")+COUNTIFS('Mechanics'!$C$7:$C$65,2,'Mechanics'!$D$7:$D$65,"A") | E21: =COUNTIFS('Pure'!$C$7:$C$181,2,'Pure'!$D$7:$D$181,"G")+COUNTIFS('Statistics'!$C$7:$C$67,2,'Statistics'!$D$7:$D$67,"G")+COUNTIFS('Mechanics'!$C$7:$C$65,2,'Mechanics'!$D$7:$D$65,"G") | F21: =COUNTIFS('Pure'!$C$7:$C$181,2,'Pure'!$D$7:$D$181,"")+COUNTIFS('Statistics'!$C$7:$C$67,2,'Statistics'!$D$7:$D$67,"")+COUNTIFS('Mechanics'!$C$7:$C$65,2,'Mechanics'!$D$7:$D$65,"") | G21: =IFERROR(E21/B21,0)
A23: By area
B24: Topics | C24: Red | D24: Amber | E24: Green | F24: Not rated | G24: % Green
A25: Pure maths (Papers 1, 2 and 3) | B25: =COUNTIFS('Pure'!$C$7:$C$181,">0") | C25: =COUNTIFS('Pure'!$C$7:$C$181,">0",'Pure'!$D$7:$D$181,"R") | D25: =COUNTIFS('Pure'!$C$7:$C$181,">0",'Pure'!$D$7:$D$181,"A") | E25: =COUNTIFS('Pure'!$C$7:$C$181,">0",'Pure'!$D$7:$D$181,"G") | F25: =COUNTIFS('Pure'!$C$7:$C$181,">0",'Pure'!$D$7:$D$181,"") | G25: =IFERROR(E25/B25,0)
A26: Statistics (Paper 2) | B26: =COUNTIFS('Statistics'!$C$7:$C$67,">0") | C26: =COUNTIFS('Statistics'!$C$7:$C$67,">0",'Statistics'!$D$7:$D$67,"R") | D26: =COUNTIFS('Statistics'!$C$7:$C$67,">0",'Statistics'!$D$7:$D$67,"A") | E26: =COUNTIFS('Statistics'!$C$7:$C$67,">0",'Statistics'!$D$7:$D$67,"G") | F26: =COUNTIFS('Statistics'!$C$7:$C$67,">0",'Statistics'!$D$7:$D$67,"") | G26: =IFERROR(E26/B26,0)
A27: Mechanics (Paper 1) | B27: =COUNTIFS('Mechanics'!$C$7:$C$65,">0") | C27: =COUNTIFS('Mechanics'!$C$7:$C$65,">0",'Mechanics'!$D$7:$D$65,"R") | D27: =COUNTIFS('Mechanics'!$C$7:$C$65,">0",'Mechanics'!$D$7:$D$65,"A") | E27: =COUNTIFS('Mechanics'!$C$7:$C$65,">0",'Mechanics'!$D$7:$D$65,"G") | F27: =COUNTIFS('Mechanics'!$C$7:$C$65,">0",'Mechanics'!$D$7:$D$65,"") | G27: =IFERROR(E27/B27,0)
A29: By topic area
B30: Topics | C30: Red | D30: Amber | E30: Green | F30: Not rated | G30: % Green
A31: Pure 1: Proof | B31: =COUNTIFS('Pure'!$P$7:$P$181,"P1") | C31: =COUNTIFS('Pure'!$P$7:$P$181,"P1",'Pure'!$D$7:$D$181,"R") | D31: =COUNTIFS('Pure'!$P$7:$P$181,"P1",'Pure'!$D$7:$D$181,"A") | E31: =COUNTIFS('Pure'!$P$7:$P$181,"P1",'Pure'!$D$7:$D$181,"G") | F31: =COUNTIFS('Pure'!$P$7:$P$181,"P1",'Pure'!$D$7:$D$181,"") | G31: =IFERROR(E31/B31,0)
A32: Pure 2: Algebra | B32: =COUNTIFS('Pure'!$P$7:$P$181,"P2") | C32: =COUNTIFS('Pure'!$P$7:$P$181,"P2",'Pure'!$D$7:$D$181,"R") | D32: =COUNTIFS('Pure'!$P$7:$P$181,"P2",'Pure'!$D$7:$D$181,"A") | E32: =COUNTIFS('Pure'!$P$7:$P$181,"P2",'Pure'!$D$7:$D$181,"G") | F32: =COUNTIFS('Pure'!$P$7:$P$181,"P2",'Pure'!$D$7:$D$181,"") | G32: =IFERROR(E32/B32,0)
A33: Pure 3: Functions | B33: =COUNTIFS('Pure'!$P$7:$P$181,"P3") | C33: =COUNTIFS('Pure'!$P$7:$P$181,"P3",'Pure'!$D$7:$D$181,"R") | D33: =COUNTIFS('Pure'!$P$7:$P$181,"P3",'Pure'!$D$7:$D$181,"A") | E33: =COUNTIFS('Pure'!$P$7:$P$181,"P3",'Pure'!$D$7:$D$181,"G") | F33: =COUNTIFS('Pure'!$P$7:$P$181,"P3",'Pure'!$D$7:$D$181,"") | G33: =IFERROR(E33/B33,0)
A34: Pure 4: Graphs | B34: =COUNTIFS('Pure'!$P$7:$P$181,"P4") | C34: =COUNTIFS('Pure'!$P$7:$P$181,"P4",'Pure'!$D$7:$D$181,"R") | D34: =COUNTIFS('Pure'!$P$7:$P$181,"P4",'Pure'!$D$7:$D$181,"A") | E34: =COUNTIFS('Pure'!$P$7:$P$181,"P4",'Pure'!$D$7:$D$181,"G") | F34: =COUNTIFS('Pure'!$P$7:$P$181,"P4",'Pure'!$D$7:$D$181,"") | G34: =IFERROR(E34/B34,0)
A35: Pure 5: Coordinate geometry | B35: =COUNTIFS('Pure'!$P$7:$P$181,"P5") | C35: =COUNTIFS('Pure'!$P$7:$P$181,"P5",'Pure'!$D$7:$D$181,"R") | D35: =COUNTIFS('Pure'!$P$7:$P$181,"P5",'Pure'!$D$7:$D$181,"A") | E35: =COUNTIFS('Pure'!$P$7:$P$181,"P5",'Pure'!$D$7:$D$181,"G") | F35: =COUNTIFS('Pure'!$P$7:$P$181,"P5",'Pure'!$D$7:$D$181,"") | G35: =IFERROR(E35/B35,0)
A36: Pure 6: Sequences and series | B36: =COUNTIFS('Pure'!$P$7:$P$181,"P6") | C36: =COUNTIFS('Pure'!$P$7:$P$181,"P6",'Pure'!$D$7:$D$181,"R") | D36: =COUNTIFS('Pure'!$P$7:$P$181,"P6",'Pure'!$D$7:$D$181,"A") | E36: =COUNTIFS('Pure'!$P$7:$P$181,"P6",'Pure'!$D$7:$D$181,"G") | F36: =COUNTIFS('Pure'!$P$7:$P$181,"P6",'Pure'!$D$7:$D$181,"") | G36: =IFERROR(E36/B36,0)
A37: Pure 7: Trigonometry | B37: =COUNTIFS('Pure'!$P$7:$P$181,"P7") | C37: =COUNTIFS('Pure'!$P$7:$P$181,"P7",'Pure'!$D$7:$D$181,"R") | D37: =COUNTIFS('Pure'!$P$7:$P$181,"P7",'Pure'!$D$7:$D$181,"A") | E37: =COUNTIFS('Pure'!$P$7:$P$181,"P7",'Pure'!$D$7:$D$181,"G") | F37: =COUNTIFS('Pure'!$P$7:$P$181,"P7",'Pure'!$D$7:$D$181,"") | G37: =IFERROR(E37/B37,0)
A38: Pure 8: Exponentials and logarithms | B38: =COUNTIFS('Pure'!$P$7:$P$181,"P8") | C38: =COUNTIFS('Pure'!$P$7:$P$181,"P8",'Pure'!$D$7:$D$181,"R") | D38: =COUNTIFS('Pure'!$P$7:$P$181,"P8",'Pure'!$D$7:$D$181,"A") | E38: =COUNTIFS('Pure'!$P$7:$P$181,"P8",'Pure'!$D$7:$D$181,"G") | F38: =COUNTIFS('Pure'!$P$7:$P$181,"P8",'Pure'!$D$7:$D$181,"") | G38: =IFERROR(E38/B38,0)
A39: Pure 9: Differentiation | B39: =COUNTIFS('Pure'!$P$7:$P$181,"P9") | C39: =COUNTIFS('Pure'!$P$7:$P$181,"P9",'Pure'!$D$7:$D$181,"R") | D39: =COUNTIFS('Pure'!$P$7:$P$181,"P9",'Pure'!$D$7:$D$181,"A") | E39: =COUNTIFS('Pure'!$P$7:$P$181,"P9",'Pure'!$D$7:$D$181,"G") | F39: =COUNTIFS('Pure'!$P$7:$P$181,"P9",'Pure'!$D$7:$D$181,"") | G39: =IFERROR(E39/B39,0)
A40: Pure 10: Integration | B40: =COUNTIFS('Pure'!$P$7:$P$181,"P10") | C40: =COUNTIFS('Pure'!$P$7:$P$181,"P10",'Pure'!$D$7:$D$181,"R") | D40: =COUNTIFS('Pure'!$P$7:$P$181,"P10",'Pure'!$D$7:$D$181,"A") | E40: =COUNTIFS('Pure'!$P$7:$P$181,"P10",'Pure'!$D$7:$D$181,"G") | F40: =COUNTIFS('Pure'!$P$7:$P$181,"P10",'Pure'!$D$7:$D$181,"") | G40: =IFERROR(E40/B40,0)
A41: Pure 11: Differential equations | B41: =COUNTIFS('Pure'!$P$7:$P$181,"P11") | C41: =COUNTIFS('Pure'!$P$7:$P$181,"P11",'Pure'!$D$7:$D$181,"R") | D41: =COUNTIFS('Pure'!$P$7:$P$181,"P11",'Pure'!$D$7:$D$181,"A") | E41: =COUNTIFS('Pure'!$P$7:$P$181,"P11",'Pure'!$D$7:$D$181,"G") | F41: =COUNTIFS('Pure'!$P$7:$P$181,"P11",'Pure'!$D$7:$D$181,"") | G41: =IFERROR(E41/B41,0)
A42: Pure 12: Numerical methods | B42: =COUNTIFS('Pure'!$P$7:$P$181,"P12") | C42: =COUNTIFS('Pure'!$P$7:$P$181,"P12",'Pure'!$D$7:$D$181,"R") | D42: =COUNTIFS('Pure'!$P$7:$P$181,"P12",'Pure'!$D$7:$D$181,"A") | E42: =COUNTIFS('Pure'!$P$7:$P$181,"P12",'Pure'!$D$7:$D$181,"G") | F42: =COUNTIFS('Pure'!$P$7:$P$181,"P12",'Pure'!$D$7:$D$181,"") | G42: =IFERROR(E42/B42,0)
A43: Pure 13: Vectors | B43: =COUNTIFS('Pure'!$P$7:$P$181,"P13") | C43: =COUNTIFS('Pure'!$P$7:$P$181,"P13",'Pure'!$D$7:$D$181,"R") | D43: =COUNTIFS('Pure'!$P$7:$P$181,"P13",'Pure'!$D$7:$D$181,"A") | E43: =COUNTIFS('Pure'!$P$7:$P$181,"P13",'Pure'!$D$7:$D$181,"G") | F43: =COUNTIFS('Pure'!$P$7:$P$181,"P13",'Pure'!$D$7:$D$181,"") | G43: =IFERROR(E43/B43,0)
A44: Statistics 1: Sampling | B44: =COUNTIFS('Statistics'!$P$7:$P$67,"S1") | C44: =COUNTIFS('Statistics'!$P$7:$P$67,"S1",'Statistics'!$D$7:$D$67,"R") | D44: =COUNTIFS('Statistics'!$P$7:$P$67,"S1",'Statistics'!$D$7:$D$67,"A") | E44: =COUNTIFS('Statistics'!$P$7:$P$67,"S1",'Statistics'!$D$7:$D$67,"G") | F44: =COUNTIFS('Statistics'!$P$7:$P$67,"S1",'Statistics'!$D$7:$D$67,"") | G44: =IFERROR(E44/B44,0)
A45: Statistics 2: Data presentation and interpretation | B45: =COUNTIFS('Statistics'!$P$7:$P$67,"S2") | C45: =COUNTIFS('Statistics'!$P$7:$P$67,"S2",'Statistics'!$D$7:$D$67,"R") | D45: =COUNTIFS('Statistics'!$P$7:$P$67,"S2",'Statistics'!$D$7:$D$67,"A") | E45: =COUNTIFS('Statistics'!$P$7:$P$67,"S2",'Statistics'!$D$7:$D$67,"G") | F45: =COUNTIFS('Statistics'!$P$7:$P$67,"S2",'Statistics'!$D$7:$D$67,"") | G45: =IFERROR(E45/B45,0)
A46: Statistics 3: Probability | B46: =COUNTIFS('Statistics'!$P$7:$P$67,"S3") | C46: =COUNTIFS('Statistics'!$P$7:$P$67,"S3",'Statistics'!$D$7:$D$67,"R") | D46: =COUNTIFS('Statistics'!$P$7:$P$67,"S3",'Statistics'!$D$7:$D$67,"A") | E46: =COUNTIFS('Statistics'!$P$7:$P$67,"S3",'Statistics'!$D$7:$D$67,"G") | F46: =COUNTIFS('Statistics'!$P$7:$P$67,"S3",'Statistics'!$D$7:$D$67,"") | G46: =IFERROR(E46/B46,0)
A47: Statistics 4: Probability distributions | B47: =COUNTIFS('Statistics'!$P$7:$P$67,"S4") | C47: =COUNTIFS('Statistics'!$P$7:$P$67,"S4",'Statistics'!$D$7:$D$67,"R") | D47: =COUNTIFS('Statistics'!$P$7:$P$67,"S4",'Statistics'!$D$7:$D$67,"A") | E47: =COUNTIFS('Statistics'!$P$7:$P$67,"S4",'Statistics'!$D$7:$D$67,"G") | F47: =COUNTIFS('Statistics'!$P$7:$P$67,"S4",'Statistics'!$D$7:$D$67,"") | G47: =IFERROR(E47/B47,0)
A48: Statistics 5: Statistical hypothesis testing | B48: =COUNTIFS('Statistics'!$P$7:$P$67,"S5") | C48: =COUNTIFS('Statistics'!$P$7:$P$67,"S5",'Statistics'!$D$7:$D$67,"R") | D48: =COUNTIFS('Statistics'!$P$7:$P$67,"S5",'Statistics'!$D$7:$D$67,"A") | E48: =COUNTIFS('Statistics'!$P$7:$P$67,"S5",'Statistics'!$D$7:$D$67,"G") | F48: =COUNTIFS('Statistics'!$P$7:$P$67,"S5",'Statistics'!$D$7:$D$67,"") | G48: =IFERROR(E48/B48,0)
A49: Mechanics 1: Models and quantities | B49: =COUNTIFS('Mechanics'!$P$7:$P$65,"M1") | C49: =COUNTIFS('Mechanics'!$P$7:$P$65,"M1",'Mechanics'!$D$7:$D$65,"R") | D49: =COUNTIFS('Mechanics'!$P$7:$P$65,"M1",'Mechanics'!$D$7:$D$65,"A") | E49: =COUNTIFS('Mechanics'!$P$7:$P$65,"M1",'Mechanics'!$D$7:$D$65,"G") | F49: =COUNTIFS('Mechanics'!$P$7:$P$65,"M1",'Mechanics'!$D$7:$D$65,"") | G49: =IFERROR(E49/B49,0)
A50: Mechanics 2: Kinematics in 1 dimension | B50: =COUNTIFS('Mechanics'!$P$7:$P$65,"M2") | C50: =COUNTIFS('Mechanics'!$P$7:$P$65,"M2",'Mechanics'!$D$7:$D$65,"R") | D50: =COUNTIFS('Mechanics'!$P$7:$P$65,"M2",'Mechanics'!$D$7:$D$65,"A") | E50: =COUNTIFS('Mechanics'!$P$7:$P$65,"M2",'Mechanics'!$D$7:$D$65,"G") | F50: =COUNTIFS('Mechanics'!$P$7:$P$65,"M2",'Mechanics'!$D$7:$D$65,"") | G50: =IFERROR(E50/B50,0)
A51: Mechanics 3: Kinematics in 2 dimensions | B51: =COUNTIFS('Mechanics'!$P$7:$P$65,"M3") | C51: =COUNTIFS('Mechanics'!$P$7:$P$65,"M3",'Mechanics'!$D$7:$D$65,"R") | D51: =COUNTIFS('Mechanics'!$P$7:$P$65,"M3",'Mechanics'!$D$7:$D$65,"A") | E51: =COUNTIFS('Mechanics'!$P$7:$P$65,"M3",'Mechanics'!$D$7:$D$65,"G") | F51: =COUNTIFS('Mechanics'!$P$7:$P$65,"M3",'Mechanics'!$D$7:$D$65,"") | G51: =IFERROR(E51/B51,0)
A52: Mechanics 4: Projectiles | B52: =COUNTIFS('Mechanics'!$P$7:$P$65,"M4") | C52: =COUNTIFS('Mechanics'!$P$7:$P$65,"M4",'Mechanics'!$D$7:$D$65,"R") | D52: =COUNTIFS('Mechanics'!$P$7:$P$65,"M4",'Mechanics'!$D$7:$D$65,"A") | E52: =COUNTIFS('Mechanics'!$P$7:$P$65,"M4",'Mechanics'!$D$7:$D$65,"G") | F52: =COUNTIFS('Mechanics'!$P$7:$P$65,"M4",'Mechanics'!$D$7:$D$65,"") | G52: =IFERROR(E52/B52,0)
A53: Mechanics 5: Forces | B53: =COUNTIFS('Mechanics'!$P$7:$P$65,"M5") | C53: =COUNTIFS('Mechanics'!$P$7:$P$65,"M5",'Mechanics'!$D$7:$D$65,"R") | D53: =COUNTIFS('Mechanics'!$P$7:$P$65,"M5",'Mechanics'!$D$7:$D$65,"A") | E53: =COUNTIFS('Mechanics'!$P$7:$P$65,"M5",'Mechanics'!$D$7:$D$65,"G") | F53: =COUNTIFS('Mechanics'!$P$7:$P$65,"M5",'Mechanics'!$D$7:$D$65,"") | G53: =IFERROR(E53/B53,0)
A54: Mechanics 6: Newton's laws of motion | B54: =COUNTIFS('Mechanics'!$P$7:$P$65,"M6") | C54: =COUNTIFS('Mechanics'!$P$7:$P$65,"M6",'Mechanics'!$D$7:$D$65,"R") | D54: =COUNTIFS('Mechanics'!$P$7:$P$65,"M6",'Mechanics'!$D$7:$D$65,"A") | E54: =COUNTIFS('Mechanics'!$P$7:$P$65,"M6",'Mechanics'!$D$7:$D$65,"G") | F54: =COUNTIFS('Mechanics'!$P$7:$P$65,"M6",'Mechanics'!$D$7:$D$65,"") | G54: =IFERROR(E54/B54,0)
A55: Mechanics 7: Rigid bodies | B55: =COUNTIFS('Mechanics'!$P$7:$P$65,"M7") | C55: =COUNTIFS('Mechanics'!$P$7:$P$65,"M7",'Mechanics'!$D$7:$D$65,"R") | D55: =COUNTIFS('Mechanics'!$P$7:$P$65,"M7",'Mechanics'!$D$7:$D$65,"A") | E55: =COUNTIFS('Mechanics'!$P$7:$P$65,"M7",'Mechanics'!$D$7:$D$65,"G") | F55: =COUNTIFS('Mechanics'!$P$7:$P$65,"M7",'Mechanics'!$D$7:$D$65,"") | G55: =IFERROR(E55/B55,0)
