Workbook

Sheet Schools
A1: Rank | B1: Score | C1: School | D1: Region | E1: Town | F1: Gender | G1: Type | H1: Boarding houses | I1: Boarders (approx) | J1: Head of Boarding / contact | K1: Title | L1: EMAIL TO USE | M1: Email confidence | N1: Alternative email | O1: Phone | P1: Gap tutor programme | Q1: Gap notes | R1: Rugby (1-5) | S1: Rugby notes | T1: Scenery (1-5) | U1: Scenery notes | V1: Website | W1: Source of contact | X1: Other notes | Y1: Status | Z1: Date emailed | AA1: Follow up by | AB1: Reply / notes
A2: =RANK(B2,$B$2:$B$28) | B2: =R2*Weights!$B$4+T2*Weights!$B$5+IF(P2="yes",5,IF(P2="likely",3,IF(P2="unknown",1,0)))*Weights!$B$6+IF(M2="verified",5,IF(M2="inferred",3,IF(M2="generic",1,0)))*Weights!$B$7 | C2: St Patrick's College, Silverstream | D2: Wellington | E2: Upper Hutt (Silverstream) | F2: boys | G2: state-integrated (Catholic, Marist) | H2: Redwood House | I2: c.102 (capacity up to 110) | J2: Te Tahinga Whaanga-Davies | K2: Director of Boarding | L2: whaanga-daviest@stream.school.nz | M2: verified | N2: boarding@stream.school.nz (boarding enquiries) | O2: +64 4 939 4224 (college); 021 024 38665 (boarding) | P2: yes | Q2: Boarding 'Our Team' page lists two current Gap Assistants from England (Luke Flexman, Hamish Turner). Recruits UK gappies every year. | R2: 5 | S2: Wellington 1st XV Premiership champions 2024 and 2025 (unbeaten in 2025, 9th title). Reached the national Top 4 in 2026 (reported 3rd/4th). Probably the strongest rugby school in the Wellington region. | T2: 4 | U2: Hutt Valley below the Remutaka and Tararua ranges; mountain biking and tramping; 30 min to Wellington harbour and the Interislander ferry. | V2: https://www.stream.school.nz/ | W2: https://www.stream.school.nz/our-college/our-people | X2: Top target: elite rugby plus proven UK gap assistant intake. Director of Boarding email is also given on the Our People page; the boarding welcome page gives boarding@. | Y2: Not contacted | AA2: =IF(Z2="","",Z2+10)
A3: =RANK(B3,$B$2:$B$28) | B3: =R3*Weights!$B$4+T3*Weights!$B$5+IF(P3="yes",5,IF(P3="likely",3,IF(P3="unknown",1,0)))*Weights!$B$6+IF(M3="verified",5,IF(M3="inferred",3,IF(M3="generic",1,0)))*Weights!$B$7 | C3: Scots College | D3: Wellington | E3: Strathmore Park, Wellington | F3: co-ed (fully co-educational since 2022; historically boys) | G3: independent | H3: Gibb House (co-ed, 7-day) | I3: c.110-120 (capacity c.110-120; c.60% domestic / 40% international) | J3: Matt Bertram | K3: Director of Boarding and International Services | L3: matt.bertram@scotscollege.school.nz | M3: verified | N3: Kierrin.Gaffney@scotscollege.school.nz (Assistant Director of Boarding); dominic.bird@scotscollege.school.nz (Director of Rugby); hr@scotscollege.school.nz (HR); enquiries@scotscollege.school.nz | O3: +64 4 388 0850 (main) | P3: yes | Q3: Staff directory lists five current 'Gap Tutors' (e.g. Sebastian Turner, Emma Walsingham, Julian Stroh), so there is an established gap tutor programme. HR contact is hr@scotscollege.school.nz. Copy Director of Rugby Dominic Bird to push the rugby coaching angle. | R3: 4 | S3: Wellington 1st XV Premiership regular (strong home record at Strathmore); national Top 4 runner-up 2015 (lost to Rotorua BHS). Weak 2025 season (lost 97-7 to Napier BHS). Has a Director of Rugby. | T3: 4 | U3: Eastern Wellington (Miramar peninsula) near the south coast and harbour; city life, Interislander ferry to South Island (Picton/Marlborough Sounds), coastal walks. | V3: https://www.scotscollege.school.nz/ | W3: https://www.scotscollege.school.nz/contacts-directory/ | X3: Strongest gap-tutor fit in region: active gap tutor cohort plus a Director of Rugby. Contacts directory also lists Boarding Managers Gerald Yang and Rachel More. | Y3: Not contacted | AA3: =IF(Z3="","",Z3+10)
A4: =RANK(B4,$B$2:$B$28) | B4: =R4*Weights!$B$4+T4*Weights!$B$5+IF(P4="yes",5,IF(P4="likely",3,IF(P4="unknown",1,0)))*Weights!$B$6+IF(M4="verified",5,IF(M4="inferred",3,IF(M4="generic",1,0)))*Weights!$B$7 | C4: St Andrew's College (StAC) | D4: Canterbury | E4: Christchurch (Merivale/Strowan) | F4: co-ed | G4: independent | H4: MacGibbon House (boys Y9-11), Rutherford House (boys Y11-13), Thompson House (girls Y9-13) | I4: c.170 (three on-campus houses; Wikipedia cites 167) | J4: Matt Parr | K4: Director of Boarding and Head of Hauora (Director of Boarding since 2019) | L4: MPA@stac.school.nz | M4: verified | N4: SGE@stac.school.nz (Struan George, Assistant Director of Boarding & MacGibbon House Manager); IWH@stac.school.nz (Ian White, Rutherford House Manager); LGO@stac.school.nz (Liz Gormack, Thompson House Manager); reception@stac.school.nz | O4: +64 3 940 2045 (Matt Parr direct); +64 3 940 2020 (Struan George) | P4: likely | Q4: Each house has a house manager plus tutors who supervise prep (6.30-8.30pm), sign-outs and weekend activities. No explicit 'gap tutor' page found, but the tutor-based model and Matt Parr's own UK teaching background make it a strong fit. Pitch rugby coaching and academic tutoring directly to him. | R4: 5 | S4: Won the 2026 Miles Toyota 1st XV Premiership final 33-17 over Christchurch Boys' High, then the South Island title, which put them in the 2026 National Top Four. Alumni include Richie Mo'unga and Ben Blair. Currently the top 1st XV in the region. | T4: 4 | U4: Leafy north-west Christchurch next to Hagley Park and the Avon. Port Hills and Sumner/New Brighton beaches close by. About 1-1.5 hr to Mt Hutt, Porters and Castle Hill for skiing and tramping. Strong outdoor education programme. | V4: https://www.stac.school.nz/boarding | W4: https://www.stac.school.nz/why-stac/our-people ; https://www.stac.school.nz/boarding/our-boarding-staff | X4: Staff emails use 3-letter codes (first initial + first two letters of surname) @stac.school.nz. Only co-ed boarding school in Canterbury. Boarding fee 2026 about $20,600 on top of tuition. | Y4: Not contacted | AA4: =IF(Z4="","",Z4+10)
A5: =RANK(B5,$B$2:$B$28) | B5: =R5*Weights!$B$4+T5*Weights!$B$5+IF(P5="yes",5,IF(P5="likely",3,IF(P5="unknown",1,0)))*Weights!$B$6+IF(M5="verified",5,IF(M5="inferred",3,IF(M5="generic",1,0)))*Weights!$B$7 | C5: Lindisfarne College | D5: Hawke's Bay | E5: Hastings (Frimley) | F5: boys | G5: state-integrated | H5: Plantation House (Yrs 7-8), two Junior Houses (Yr 9 and Yr 10), Campbell House (Yr 11), Kirkpatrick House (Yr 12), Mitchell House (Yr 13): 6 houses, grouped by age | I5: c.230 (about 40% of a roll of about 560-580) | J5: Russel Lennox | K5: Director of Boarding | L5: lennox.russel@lindisfarne.school.nz | M5: verified | N5: reception@lindisfarne.school.nz | O5: 021 883 380 (Director of Boarding); school +64 6 873 1136 | P5: likely | Q5: No formal gap programme is published. Houses run with resident Housemasters and Assistant Housemasters, and the careers page says staff have opportunities in boarding and pastoral care. A traditional boys' boarding school of this type often takes gap/assistant tutors. Also worth copying in the Director of Rugby, Andre Bell (bell.andre@lindisfarne.school.nz, verified on the 2026 staff list), given the candidate's Bath Academy background. | R5: 4 | S5: Plays in the CNI (Central North Island) 1st XV competition; 2025 CNI 3rd-place playoff v Wesley College. Has a dedicated Director of Rugby (Andre Bell). Strong rugby tradition, with traditional fixtures against other Hawke's Bay schools. | T5: 5 | U5: 22-hectare campus on the edge of Hastings in the Heretaunga Plains wine/orchard country; Te Mata Peak, Havelock North, Cape Kidnappers, Ocean Beach/Waimarama and the Ruahine/Kaweka ranges are all close. | V5: https://www.lindisfarne.school.nz/ | W5: https://a.storyblok.com/f/292273512629791/x/5d59f27f18/staff-contact-list.pdf (2026 Teaching Staff Contact List; house contacts at https://www.lindisfarne.school.nz/boarding) | X5: Staff email pattern is surname.firstname@lindisfarne.school.nz. Housemasters (from the boarding page): Daniel Pooley (Plantation), Henry Harland (Yr 9), Cameron Stuart (Yr 10), Tony Parker (Campbell), Fraser Harrison (Kirkpatrick), Jared Fritchley (Mitchell). Conor Cashman is listed as English/Boarding. Takes Yrs 7-13 but is primarily a secondary school. | Y5: Not contacted | AA5: =IF(Z5="","",Z5+10)
A6: =RANK(B6,$B$2:$B$28) | B6: =R6*Weights!$B$4+T6*Weights!$B$5+IF(P6="yes",5,IF(P6="likely",3,IF(P6="unknown",1,0)))*Weights!$B$6+IF(M6="verified",5,IF(M6="inferred",3,IF(M6="generic",1,0)))*Weights!$B$7 | C6: Rathkeale College | D6: Wairarapa | E6: Masterton | F6: boys (partners with St Matthew's Collegiate as Trinity Schools; senior classes shared) | G6: state-integrated (Anglican) | H6: Cranleigh, Repton, Rugby (Year 9s start in Rugby House) | I6: 180+ | J6: Glenn McIntosh | K6: Director of Boarding (also Housemaster, Cranleigh House) | L6: gam@rathkeale.school.nz | M6: verified | N6: jbb@rathkeale.school.nz (Jesse Bird, Housemaster Repton); pjr@rathkeale.school.nz (Phil Roach, Housemaster Rugby House); office@rathkeale.school.nz | O6: 027 274 6686 (G. McIntosh); (06) 370 0175 (reception) | P6: likely | Q6: Boarding pages mention live-in housemasters, matrons and tutors. No page names gap tutors explicitly, but it is a classic rural Anglican boarding school of the type that takes UK gappies. Worth asking. | R6: 4 | S6: Plays in the Wellington 1st XV Premiership (2025 fixtures against Scots and St Pat's Silverstream) and has Central North Island links. Strong rural rugby culture; has its own old-boys rugby club (rcrc.org.nz). Not a recent national Top 4 side. | T6: 5 | U6: Rural Wairarapa campus (Willow Park) near the Tararua Forest Park; wine country (Martinborough), Castlepoint coast; about 1.5 h to Wellington. | V6: https://rathkeale.school.nz/ | W6: https://rathkeale.school.nz/boarding-houses/ | X6: All house contacts with emails are on the boarding-houses page. Strong fit for rugby and the outdoors. | Y6: Not contacted | AA6: =IF(Z6="","",Z6+10)
A7: =RANK(B7,$B$2:$B$28) | B7: =R7*Weights!$B$4+T7*Weights!$B$5+IF(P7="yes",5,IF(P7="likely",3,IF(P7="unknown",1,0)))*Weights!$B$6+IF(M7="verified",5,IF(M7="inferred",3,IF(M7="generic",1,0)))*Weights!$B$7 | C7: Timaru Boys' High School | D7: Canterbury (South Canterbury) | E7: Timaru | F7: boys | G7: state | H7: Thomas House (est. 1907/08) | I7: up to 120 (reached capacity of 119 in 2017) | J7: Steve Blair | K7: Director of Boarding, Thomas House | L7: boardingdi@timaruboys.school.nz | M7: verified | N7: managerre@timaruboys.school.nz (Christine Murdoch, Residential Manager); tbhs@timaruboys.school.nz (main office) | O7: 03 687 7560 (main) | P7: yes | Q7: The Thomas House handbook has a 'Gap Tutors' section ('assistance of Gap tutors who assist with prep'). School news has featured UK gappies joining Thomas House for a year, e.g. Luke Baker from Hertfordshire. Lattitude also places volunteers in Timaru. Very strong fit. | R7: 3 | S7: Plays the Canterbury Miles Toyota 1st XV Premiership (e.g. v St Andrew's in 2026) and South Island boys' school fixtures. Reached its first UC Cup final in 2017. Old boys include All Black Archie Strang and Scotland's Brendan Laney. | T7: 4 | U7: Coastal Timaru (Caroline Bay). About 1-1.5 hr to Mt Dobson, Fox Peak and Roundhill ski fields, Lake Tekapo and the Mackenzie Basin, and about 2.5 hr to Aoraki/Mt Cook. Good base for skiing, tramping and lakes. | V7: https://timaruboys.school.nz/boarding/staff/ | W7: https://timaruboys.school.nz/boarding/staff/ (emails) ; https://timaruboys.school.nz/assets/Uploads/Thomas-House-Handbook-2019.pdf (gap tutors) | X7: The Director of Boarding email is a role address (named person Steve Blair per the staff page and ERO). Housemasters listed: Darren Robertson (also Hostel Assistant Manager), Miro MacDonald, Sam Sugar, Jordan Walker, Nathan Archibald. Boarding fee 2026 $16,900. | Y7: Not contacted | AA7: =IF(Z7="","",Z7+10)
A8: =RANK(B8,$B$2:$B$28) | B8: =R8*Weights!$B$4+T8*Weights!$B$5+IF(P8="yes",5,IF(P8="likely",3,IF(P8="unknown",1,0)))*Weights!$B$6+IF(M8="verified",5,IF(M8="inferred",3,IF(M8="generic",1,0)))*Weights!$B$7 | C8: Nelson College | D8: Nelson | E8: Nelson | F8: boys | G8: state | H8: Rutherford House; Barnicoat House | I8: Not published on the site; two historic houses taking Years 7-13 (Barnicoat also houses Prep boys). About 80+ boarders play a winter sport code (May 2026 newsletter), so the total is likely 120-180 (estimate) | J8: Simon Mardon | K8: Director of Boarding (also Commerce teacher) | L8: mn@nelson.school.nz | M8: verified | N8: boarding@nelson.school.nz (boarding office, on the enrol page); ce@nelson.school.nz (Mark Cochrane, Rutherford House Housemaster, also Assistant Sports Co-ordinator and PE teacher, a good cc for rugby coaching); rc@nelson.school.nz (Ronni Cullen, Boarding Administrator) | O8: Simon Mardon mobile 027 477 1947 (May 2026 newsletter); school 03 548 3099 | P8: unknown | Q8: No public mention of gap tutors or gappies on the Nelson College site or in search results. Live-in staff are mostly teachers. The large boys' boarding operation with Year 7-13 boarders is a plausible fit for a cold approach. | R8: 5 | S8: A leading South Island rugby school, one of NZ's oldest rugby schools (first NZ club game 1870). 2024 was its most successful 1st XV season: Miles Toyota Premiership, South Island champions and national Top 4 runners-up. In 2026 it plays the Tasman Miles Toyota 1st XV Boys' Premiership plus the new South Island boys' 1st XV competition against CBHS, St Andrew's and others. All Black old boys include Leicester Fainga'anuku. | T8: 5 | U8: Nelson is NZ's sunniest city. Abel Tasman National Park, Golden Bay, Kahurangi and Nelson Lakes are nearby, with beaches, mountain biking, and skiing at Rainbow/Mt Robert. The site mentions beach trips and ski days for boarders. | V8: https://nelson.school.nz/boarding/ | W8: https://nelson.school.nz/latest-news/boarding-newsletter-may-2026/ (also https://nelson.school.nz/boarding/our-boarding-houses/) | X8: Both nelson.school.nz and the older nelsoncollege.school.nz domain appear on the site. Use @nelson.school.nz, the current domain in the May 2026 newsletter. The staff email pattern is two-letter initials (first letter of first name + last letter of surname, e.g. mn = Mardon, ce = Cochrane). Emphasise rugby coaching and Economics/Maths tutoring, since Mardon teaches Commerce. | Y8: Not contacted | AA8: =IF(Z8="","",Z8+10)
A9: =RANK(B9,$B$2:$B$28) | B9: =R9*Weights!$B$4+T9*Weights!$B$5+IF(P9="yes",5,IF(P9="likely",3,IF(P9="unknown",1,0)))*Weights!$B$6+IF(M9="verified",5,IF(M9="inferred",3,IF(M9="generic",1,0)))*Weights!$B$7 | C9: New Plymouth Boys' High School | D9: Taranaki | E9: New Plymouth | F9: boys | G9: state | H9: Boarding hostel for up to 190 across five buildings in two house identities. The boarding staff page lists Heads of Moyes House, Carrington House and Niger House. Note: Barak, Hatherly, Syme and Donnelly are the school's day-school houses, not boarding houses; the brief's 'Barak House' is not a boarding house. | I9: ~190 (capacity 190) | J9: Jamie Stones | K9: Director of Boarding (since Term 4 2023; also Director of Hockey) | L9: directorofboarding@npbhs.school.nz | M9: verified | N9: office@npbhs.school.nz (main office). Heads of house: Leighton Price (Moyes), Liam Younger (Carrington), Noho Robinson (Niger), no emails published | O9: (06) 758 5399 | P9: unknown | Q9: No public mention of gap tutors. Housemasters are resident teaching staff. With ~190 boarders and 5 house masters plus 2 matrons it is a big operation where an extra resident assistant could be valued. A cold approach is worthwhile. | R9: 5 | S9: A founding Super 8 school (1997) and one of NZ's premier rugby schools. Super 8 1st XV champions in 2015 and 2020, runners-up in 2013, 2019 and 2021, and a regular contender for the national Top 4. It has produced many All Blacks and has its own ground, The Gully. | T9: 5 | U9: Mt Taranaki / Egmont National Park, Surf Highway 45 surfing, Coastal Walkway, and Pouakai Crossing. Outdoor Education is offered and the school has surfing, sailing, snowsports and mountain biking codes. | V9: https://www.npbhs.school.nz/boarding-life | W9: https://www.npbhs.school.nz/director-boarding (email is Cloudflare-obfuscated in the page and decoded from the page source) | X9: The email is a role address tied to the Director of Boarding, published on the page naming Jamie Stones. Staff list from https://www.npbhs.school.nz/boarding-staff. 2026 boarding prospectus: https://npbhs2023.ibcdn.nz/media/2026_05_29_boarding-prospectus.pdf. Seven-day boarding with Saturday sport. | Y9: Not contacted | AA9: =IF(Z9="","",Z9+10)
A10: =RANK(B10,$B$2:$B$28) | B10: =R10*Weights!$B$4+T10*Weights!$B$5+IF(P10="yes",5,IF(P10="likely",3,IF(P10="unknown",1,0)))*Weights!$B$6+IF(M10="verified",5,IF(M10="inferred",3,IF(M10="generic",1,0)))*Weights!$B$7 | C10: Christ's College | D10: Canterbury | E10: Christchurch (city centre, Rolleston Avenue) | F10: boys | G10: independent | H10: School House, Richards House, Flower's House (3 boarding houses out of 10) | I10: c.165-180 | J10: Ben Vink | K10: Deputy Headmaster - Student Care (boarding sits under this portfolio; no 'Director of Boarding' is currently listed) | L10: bvink@christscollege.com | M10: verified | N10: Housemasters (all verified in 2026 house booklets): hrsmith@christscollege.com (Henry Smith, School House; head rowing coach); kharris@christscollege.com (Kevin Harris, Richards House); mellismartin@christscollege.com (Monique Ellis-Martin, Flower's House). Deputies: cnicolson@, zknight@, keri.campbell@christscollege.com. General: receptionist@christscollege.com | O10: 03 366 8705 (main); 027 268 9436 (Ben Vink, from the 2026 International guide) | P10: likely | Q10: The 2026 house booklets list 'Residential Tutors and Non-Residential Tutors' in each boarding house, and Wikipedia describes live-in tutors, often university students. Found no page naming UK gap tutors specifically. A housemaster role there was once advertised as starting as a Flower's House boarding tutor. Consider emailing Ben Vink and copying the relevant Housemaster. | R10: 4 | S10: Plays the Canterbury Miles Toyota 1st XV Premiership and was a 2025 finalist. Traditional rival of Christchurch Boys' High (the College Match, since 1892). Has an annual fixture with Whanganui Collegiate. Claims rugby was played at the school from 1853. | T10: 4 | U10: Heritage campus in central Christchurch next to Hagley Park and the Botanic Gardens. Quick access to the Port Hills, beaches, and Mt Hutt/Porters ski fields (about 1-1.5 hr). Year 10 boarders do the Duke of Edinburgh Bronze award. | V10: https://christscollege.com/enrolments/boarding | W10: https://online.flippingbook.com/view/1002621 (2026 International guide: bvink@) ; https://online.flippingbook.com/view/769621/ , /629468/ , /373206/ (2026 house booklets) | X10: The website hides emails behind JavaScript forms, but they are printed in the 2026 PDFs/flipbooks. An older, now-404 'Director of Boarding' page named Darrell Thatcher, who is now listed as Senior Deputy Headmaster. Boarding fee about $22,250 (2025). | Y10: Not contacted | AA10: =IF(Z10="","",Z10+10)
A11: =RANK(B11,$B$2:$B$28) | B11: =R11*Weights!$B$4+T11*Weights!$B$5+IF(P11="yes",5,IF(P11="likely",3,IF(P11="unknown",1,0)))*Weights!$B$6+IF(M11="verified",5,IF(M11="inferred",3,IF(M11="generic",1,0)))*Weights!$B$7 | C11: Christchurch Boys' High School (CBHS) | D11: Canterbury | E11: Christchurch (Riccarton/Fendalton) | F11: boys | G11: state | H11: Adams House (blocks: Straven, Worcester, Harakeke), 5 min walk from school beside the Avon. NOTE: the house is Adams House, not 'Rolleston House' (Rolleston is a Christ's College day house). | I11: 135 | J11: Rhys Archibald | K11: Head of Boarding (Adams House) | L11: arr@cbhs.nz | M11: verified | N11: enquiries@cbhs.nz; enrolments@cbhs.nz | O11: 03 348 5003 (main) | P11: unknown | Q11: Adams House advertises supervised prep, peer support and private tutors. No public mention of gap tutors found. Lattitude Global Volunteering has listed CBHS among Christchurch boarding-school options, so still worth a direct approach. | R11: 5 | S11: The traditional rugby powerhouse of the region. Won the 2025 Miles Toyota Premiership and 2025 South Island titles, and lost the 2026 final to StAC. National Top 4 in 2018. National 1st XV champions 2004 (shared), 2005 and 2006, and Sanix World Youth champions 2006. About 46 All Blacks among old boys. | T11: 4 | U11: Adams House has 3 acres on the Avon River near Hagley Park. Christchurch base gives easy access to the Port Hills, beaches, and ski fields about 1-1.5 hr away (Mt Hutt, Porters, Craigieburn). | V11: https://www.cbhs.school.nz/discover-cbhs/adams-house/ | W11: https://www.cbhs.school.nz/discover-cbhs/adams-house/ | X11: Staff emails use 3-letter codes @cbhs.nz. Boarders are mainly from the rural South Island. Boarding fee $19,100. | Y11: Not contacted | AA11: =IF(Z11="","",Z11+10)
A12: =RANK(B12,$B$2:$B$28) | B12: =R12*Weights!$B$4+T12*Weights!$B$5+IF(P12="yes",5,IF(P12="likely",3,IF(P12="unknown",1,0)))*Weights!$B$6+IF(M12="verified",5,IF(M12="inferred",3,IF(M12="generic",1,0)))*Weights!$B$7 | C12: Napier Boys' High School | D12: Hawke's Bay | E12: Napier | F12: boys | G12: state | H12: Scinde House (school hostel, est. 1885) | I12: c.180-185 (ERO: 185 boarders, ~15% of roll) | J12: Ashton Johnson | K12: Hostel Manager, Scinde House | L12: ajohnson@nbhs.school.nz | M12: verified | N12: nbhs@nbhs.school.nz | O12: 027 274 5453; (06) 833 5900 ext 250; after hours (06) 835 3342 ext 251 | P12: unknown | Q12: No gap tutor / gappie programme mentioned on the boarding pages. Hostel staffing listed as Hostel Manager plus Matron (Brenda Hall). A large (180+) state boys' hostel, so a speculative approach is reasonable. | R12: 5 | S12: Super 8 member. Won Super 8 in 2000, 2002 and 2003; Super 8 finalist 2023. 12 National Top 4 appearances, national champions 2002, runners-up 2018 and 2022. Hurricanes Cup winners 2018, 2021 and 2022. One of the strongest rugby schools in the lower North Island. | T12: 4 | U12: Napier: Art Deco city on Hawke Bay, Marine Parade coastline, Cape Kidnappers gannets, Hawke's Bay wine country and cycle trails nearby; Te Mata Peak about 30 min away. | V12: https://www.nbhs.school.nz/ | W12: https://www.nbhs.school.nz/contact/ (also https://www.nbhs.school.nz/boarding/boarding-at-scinde-house/) | X12: Headmaster: Simon Coe (since 2024, per Wikipedia/NZ Herald). Boarder count from ERO institution page https://www.ero.govt.nz/institution/216/napier-boys-high-school. | Y12: Not contacted | AA12: =IF(Z12="","",Z12+10)
A13: =RANK(B13,$B$2:$B$28) | B13: =R13*Weights!$B$4+T13*Weights!$B$5+IF(P13="yes",5,IF(P13="likely",3,IF(P13="unknown",1,0)))*Weights!$B$6+IF(M13="verified",5,IF(M13="inferred",3,IF(M13="generic",1,0)))*Weights!$B$7 | C13: St Bede's College | D13: Canterbury | E13: Christchurch (Papanui, Main North Road) | F13: boys | G13: state-integrated (Catholic, Marist) | H13: On-campus boarding school: Durham (Y9-10), Jarrow (Y11-12), Wearmouth (Y13) | I13: c.100 (not published; estimate) | J13: Kurt Paterson | K13: Assistant Rector - Pastoral and Boarding | L13: kpaterson@stbedes.school.nz | M13: verified | N13: shand@stbedes.school.nz (Stephen Hand, Boarding Manager); wstruthers@stbedes.school.nz (Will Struthers, Boarding Dean); boarding@stbedes.school.nz (boarding office); jmcdowall@stbedes.school.nz (Rector Jon McDowall); office@stbedes.school.nz | O13: 021 725 416 (boarding office, 24 hr); +64 3 375 0647 (main) | P13: likely | Q13: The 2026 Boarding Handbook lists 'Residential Assistants' (Reuben Spicer, Alex Brown), which is the typical gap/young-adult live-in role. The handbook also mentions peer tutoring and specialist-subject group tutoring. No explicit UK gap page found. A LinkedIn result names Mark Vincent as Director of Boarding, but he is not in the 2026 handbook, so treat that as outdated. | R13: 4 | S13: Plays the Canterbury Miles Toyota 1st XV Premiership. Strong rugby tradition: old boys include All Black Elliot Dixon, Japan captain Michael Leitch and Wales' Josh Navidi. | T13: 3 | U13: Large 22 ha green campus at Christchurch's northern entrance. Close to the Waimakariri River and northern beaches. About 1-1.5 hr to Mt Hutt/Porters ski fields and Arthur's Pass. | V13: https://www.stbedes.school.nz/living-at-st-bedes/ | W13: https://www.stbedes.school.nz/wp-content/uploads/2026/01/2026-Boarding-Handbook.pdf | X13: Email pattern is first initial + surname @stbedes.school.nz. The only Catholic boys' boarding college in the South Island. | Y13: Not contacted | AA13: =IF(Z13="","",Z13+10)
... A24: =RANK(B24,$B$2:$B$28) | B24: =R24*Weights!$B$4+T24*Weights!$B$5+IF(P24="yes",5,IF(P24="likely",3,IF(P24="unknown",1,0)))*Weights!$B$6+IF(M24="verified",5,IF(M24="inferred",3,IF(M24="generic",1,0)))*Weights!$B$7 | C24: St Kevin's College | D24: Otago (North Otago) | E24: Oamaru | F24: co-ed | G24: state-integrated (Catholic) | H24: Redcastle Boarding (boys and girls, Years 9-13, private rooms) | I24: ~80 (2019 figure) | J24: Justin Fowler | K24: Director of Boarding | L24: jfowler@stkevins.school.nz | M24: verified | N24: college@stkevins.school.nz (office); principal@stkevins.school.nz; cagardner@stkevins.school.nz (Dr Catherine Gardner, International Director) | O24: +64 3 437 1665 | P24: unknown | Q24: No published gap programme found. The hostel is owned by the St Kevin's College Hostel Trust. Its centenary is coming up. | R24: 3 | S24: Traditional rugby school. 2026 SSRC Pool A: beat Waitaki Boys' 29-28 and lost to John McGlashan 45-22. Finished 7th in 2025. Offers Cambridge curriculum. | T24: 3 | U24: Coastal Oamaru, same as Waitaki Boys'. Access to the Waitaki lakes, Aoraki/Mt Cook and Ohau skiing. | V24: https://www.stkevins.school.nz | W24: https://www.stkevins.school.nz/our-staff/ | X24: The staff page (2026 photos) lists 'Mr J Fowler, Director of Boarding' with a mailto link to jfowler@stkevins.school.nz on his card. The old URLs (/redcastle-boarding-1/...) redirect. The boarding page is at /boarding/. | Y24: Not contacted | AA24: =IF(Z24="","",Z24+10)
A25: =RANK(B25,$B$2:$B$28) | B25: =R25*Weights!$B$4+T25*Weights!$B$5+IF(P25="yes",5,IF(P25="likely",3,IF(P25="unknown",1,0)))*Weights!$B$6+IF(M25="verified",5,IF(M25="inferred",3,IF(M25="generic",1,0)))*Weights!$B$7 | C25: Te Aute College | D25: Hawke's Bay | E25: Pukehou (near Waipukurau / Te Aute), Central Hawke's Bay | F25: boys | G25: state-integrated | H25: Te Whare Noho (school hostel) | I25: c.90-120 (an older ERO report: 91 boarders = 82% of roll; now predominantly boarding) | K25: Hostel (no named manager published) | L25: hostel@teaute.school.nz | M25: generic | N25: admin@teaute.school.nz | O25: Hostel 027 528 7777; school 06 856 8016 | P25: unknown | Q25: No gap tutor programme found. A historic Anglican Māori boys' boarding school (founded 1854) with a strong tikanga Māori special character. An approach should show respect for and interest in the kaupapa. Hostel operation has at times reported directly to the principal (ERO). | R25: 3 | S25: Proud rugby tradition. Plays in the CNI / Hurricanes-region schools competitions, with traditional 1st XV challenges (e.g. v Hato Pāora, 2025). Smaller roll, so not a current national contender. | T25: 4 | U25: Rural Central Hawke's Bay farmland by Lake Roto-a-Kiwa; about 40 min to Hastings/Havelock North; Ruahine Range and the CHB coast (Pōrangahau, Blackhead) within reach. | V25: https://teaute.maori.nz/ | W25: https://teaute.maori.nz/contact | X25: The contact page (checked Sep 2026) lists hostel@teaute.school.nz. A search-engine snippet of an older page version showed kaihautu@teaute.school.nz (kaihautū = leader/manager), but it is not on the current site, so treat it as unverified. No principal's name is published on the site. | Y25: Not contacted | AA25: =IF(Z25="","",Z25+10)
A26: =RANK(B26,$B$2:$B$28) | B26: =R26*Weights!$B$4+T26*Weights!$B$5+IF(P26="yes",5,IF(P26="likely",3,IF(P26="unknown",1,0)))*Weights!$B$6+IF(M26="verified",5,IF(M26="inferred",3,IF(M26="generic",1,0)))*Weights!$B$7 | C26: Dunstan High School | D26: Otago (Central Otago) | E26: Alexandra | F26: co-ed | G26: state | H26: Dunstan High School Hostel (99 Russell St), 5- and 7-day boarding | I26: ~48 spaces | J26: Jason Barron | K26: Director of Boarding | L26: hostel@dunstan.school.nz | M26: generic | N26: office@dunstan.school.nz; matron@dunstan.school.nz | O26: Director of Boarding mobile 027 312 7883; hostel landline 03 448 7506; school 03 448 8595 | P26: unknown | Q26: A small, family-style hostel. The Matron and Director live on site and at least one other staff member is usually on duty 24/7. There is supervised prep for Years 9-11, so there is scope for a tutor. No published gap programme. | R26: 2 | S26: A provincial co-ed school that plays in the Southern Schools competition grades. Not a traditional power. | T26: 5 | U26: Central Otago: about 1 hr to Queenstown and Wanaka ski fields (Cardrona, Remarkables, Coronet). Otago Central Rail Trail, lakes, mountain biking. | V26: https://www.dunstan.school.nz | W26: https://dunstan.ibcdn.nz/media/2026_03_11_hostel-application-information-pack-2027-1-1.pdf | X26: The 2027 hostel pack gives hostel@dunstan.school.nz as the Director of Boarding's contact email. Jason Barron is named on https://www.dunstan.school.nz/boarding/boarding-dunstan. The inferred email follows the first-initial+surname pattern (e.g. glochaden@dunstan.school.nz in the 2025 hostel handbook). | Y26: Not contacted | AA26: =IF(Z26="","",Z26+10)
A27: =RANK(B27,$B$2:$B$28) | B27: =R27*Weights!$B$4+T27*Weights!$B$5+IF(P27="yes",5,IF(P27="likely",3,IF(P27="unknown",1,0)))*Weights!$B$6+IF(M27="verified",5,IF(M27="inferred",3,IF(M27="generic",1,0)))*Weights!$B$7 | C27: Mount Aspiring College | D27: Otago (Queenstown-Lakes) | E27: Wanaka | F27: co-ed | G27: state | H27: MAC Hostel Programme (self-catering villas of six, Year 13 only) | I27: 30 (Year 13 only) | J27: Hostel Manager (not named online); email goes to PA to the Principal | K27: PA to the Principal (hostel applications contact) | L27: learn@mtaspiring.school.nz | M27: generic | N27: principal@mtaspiring.school.nz; office@mtaspiring.school.nz | O27: +64 3 443 0499 | P27: no | Q27: Small Year 13 hostel with a hostel manager and assistant manager. Students cater for themselves, so there is less need for gap tutors. A long shot, but the outdoor-pursuits focus could suit a coaching gappy. | R27: 2 | S27: Co-ed school that plays in the Southern/Otago schools grades. Not a rugby powerhouse. | T27: 5 | U27: Wanaka: Treble Cone and Cardrona ski fields, Lake Wanaka, Mt Aspiring National Park. The hostel runs weekend outdoor-pursuits trips. | V27: https://mtaspiring.school.nz | W27: https://mtaspiring.school.nz/wp-content/uploads/2025/04/2026-MAC-Hostel-Application-Pack.pdf | X27: Years 7-13 school. The hostel is for Year 13 only, so it is less relevant for a Years 9-13 boarding assistant role. The staff directory is rendered by JavaScript and no hostel manager name could be extracted. | Y27: Not contacted | AA27: =IF(Z27="","",Z27+10)
A28: =RANK(B28,$B$2:$B$28) | B28: =R28*Weights!$B$4+T28*Weights!$B$5+IF(P28="yes",5,IF(P28="likely",3,IF(P28="unknown",1,0)))*Weights!$B$6+IF(M28="verified",5,IF(M28="inferred",3,IF(M28="generic",1,0)))*Weights!$B$7 | C28: Longburn Adventist College | D28: Manawatū-Whanganui | E28: Longburn, Palmerston North | F28: co-ed | G28: state-integrated (Seventh-day Adventist) | H28: LAC House (boys' and girls' dormitories; Years 7-13) | I28: unknown (small) | J28: Stephanie Ngarepa | K28: LAC House Boarding Director | L28: boarding@lac.school.nz | M28: generic | P28: likely | Q28: LAC House uses 'Volunteer Assistant Deans' who live in the dorms. Historically it takes volunteer student missionaries (e.g. from US Adventist universities). A strong Adventist faith ethos is expected, and Saturday Sabbath would limit weekend rugby. | R28: 1 | S28: Small school; no significant 1st XV profile found. | T28: 2 | U28: Rural Manawatū plains on the edge of Palmerston North. | V28: https://www.lac.school.nz/ | W28: https://www.lac.school.nz/lac-house/lac-house-team | X28: Older third-party sources name Maria Henry as Director of Boarding, but the 2026 site names Stephanie Ngarepa. No personal email is published, so use boarding@lac.school.nz. Probably a weak fit for a rugby-focused gap year. Also info@lac.school.nz. | Y28: Not contacted | AA28: =IF(Z28="","",Z28+10)

Sheet How to use
A1: NZ Boarding School Gap Year Outreach: Terms 1-2 2027
A3: HOW TO USE THIS WORKBOOK
A4: 1. 'Schools' is sorted by priority score (rugby > scenery > gap scheme/free board > email quality). Rank 1-10 are highlighted green.
A5: 2. Email the address in the bold blue 'EMAIL TO USE' column. Check 'Email confidence': green = verified on the school site, amber = inferred from the school's email pattern, red = generic inbox (ask them to forward to the Head of Boarding).
A6: 3. Yellow cells in columns Y-AB are for you: set Status from the dropdown, enter Date emailed, and 'Follow up by' fills in automatically (+10 days).
A7: 4. Change the weights on the 'Weights' sheet to re-rank the list.
A9: TIMING
A10: - NZ school year: Term 1 starts late Jan/early Feb 2027; Term 2 ends early July. Rugby season runs roughly April-August.
A11: - Many schools finalise gap tutors for the following year between August and November, so email as soon as possible. Some 2027 spots may already be filled.
A12: - A half-year (Terms 1-2) is less common than a full year. Offer flexibility ('Terms 1-2, with scope to extend into Term 3 for the end of the rugby season') to improve your odds.
A14: VISA AND PRACTICALITIES (check current rules at immigration.govt.nz)
A15: - UK citizens aged 18-35 can apply for a NZ Working Holiday Visa, which allows paid work.
... A21: - Rugby and scenery scores (1-5) are judgement calls based on 1st XV competition level and location.

Sheet Weights
A1: Priority score weights (edit the yellow cells; the Schools ranking updates automatically)
A3: Factor | B3: Weight | C3: Why
A4: Rugby strength (1-5) | B4: 3 | C4: Your #1 priority: strong 1st XV programme
A5: Scenery / outdoors (1-5) | B5: 2 | C5: Your #2 priority
A6: Gap tutor programme (yes=5, likely=3, unknown=1, no=0) | B6: 2 | C6: Schools with an existing gap scheme almost always provide free room + board + allowance (your pay priority) and are far more likely to say yes
A7: Email confidence (verified=5, inferred=3, generic=1) | B7: 1 | C7: Favours schools where you can reach the Head of Boarding directly
A9: Weights are my suggested defaults based on your stated priorities (rugby > scenery > pay/board).
