Workbook

Sheet Summary
A1: Summary
A2: Fills in automatically once the RAG tracker is completed.
A4: Rating | B4: Topics in scope | C4: What we do | D4: Questions each | E4: Questions total
A5: R | B5: =COUNTIFS('RAG tracker'!$E$2:$E$120,$A5,'RAG tracker'!$D$2:$D$120,"<>Not this time") -> 0 | C5: Full worksheet, taught first | D5: 13 | E5: =$B5*$D5 -> 0
A6: A | B6: =COUNTIFS('RAG tracker'!$E$2:$E$120,$A6,'RAG tracker'!$D$2:$D$120,"<>Not this time") -> 0 | C6: Work until 3 right in a row | D6: 6 | E6: =$B6*$D6 -> 0
A7: G | B7: =COUNTIFS('RAG tracker'!$E$2:$E$120,$A7,'RAG tracker'!$D$2:$D$120,"<>Not this time") -> 0 | C7: 2 question spot check | D7: 2 | E7: =$B7*$D7 -> 0
A8: Not yet rated | B8: =COUNTIFS('RAG tracker'!$E$2:$E$120,"") -> 119 | C8: Counts every row, including the ones we are not scheduling
C9: Total questions | E9: =SUM(E5:E7) -> 0
C10: Hours at about 2.5 min a question | E10: =ROUND($E9*2.5/60,1) -> 0
C11: Hours per week over six weeks | E11: =ROUND($E10/6,1) -> 0
A13: By grade
A14: Grade | B14: Topics | C14: In our plan | D14: Red | E14: Amber | F14: Green
A15: 1 | B15: =COUNTIFS('RAG tracker'!$A$2:$A$120,$A15) -> 12 | C15: Core | D15: =COUNTIFS('RAG tracker'!$A$2:$A$120,$A15,'RAG tracker'!$E$2:$E$120,"R") -> 0 | E15: =COUNTIFS('RAG tracker'!$A$2:$A$120,$A15,'RAG tracker'!$E$2:$E$120,"A") -> 0 | F15: =COUNTIFS('RAG tracker'!$A$2:$A$120,$A15,'RAG tracker'!$E$2:$E$120,"G") -> 0
A16: 2 | B16: =COUNTIFS('RAG tracker'!$A$2:$A$120,$A16) -> 16 | C16: Core | D16: =COUNTIFS('RAG tracker'!$A$2:$A$120,$A16,'RAG tracker'!$E$2:$E$120,"R") -> 0 | E16: =COUNTIFS('RAG tracker'!$A$2:$A$120,$A16,'RAG tracker'!$E$2:$E$120,"A") -> 0 | F16: =COUNTIFS('RAG tracker'!$A$2:$A$120,$A16,'RAG tracker'!$E$2:$E$120,"G") -> 0
A17: 3 | B17: =COUNTIFS('RAG tracker'!$A$2:$A$120,$A17) -> 18 | C17: Core | D17: =COUNTIFS('RAG tracker'!$A$2:$A$120,$A17,'RAG tracker'!$E$2:$E$120,"R") -> 0 | E17: =COUNTIFS('RAG tracker'!$A$2:$A$120,$A17,'RAG tracker'!$E$2:$E$120,"A") -> 0 | F17: =COUNTIFS('RAG tracker'!$A$2:$A$120,$A17,'RAG tracker'!$E$2:$E$120,"G") -> 0
A18: 4 | B18: =COUNTIFS('RAG tracker'!$A$2:$A$120,$A18) -> 18 | C18: Core | D18: =COUNTIFS('RAG tracker'!$A$2:$A$120,$A18,'RAG tracker'!$E$2:$E$120,"R") -> 0 | E18: =COUNTIFS('RAG tracker'!$A$2:$A$120,$A18,'RAG tracker'!$E$2:$E$120,"A") -> 0 | F18: =COUNTIFS('RAG tracker'!$A$2:$A$120,$A18,'RAG tracker'!$E$2:$E$120,"G") -> 0
A19: 5 | B19: =COUNTIFS('RAG tracker'!$A$2:$A$120,$A19) -> 13 | C19: Core | D19: =COUNTIFS('RAG tracker'!$A$2:$A$120,$A19,'RAG tracker'!$E$2:$E$120,"R") -> 0 | E19: =COUNTIFS('RAG tracker'!$A$2:$A$120,$A19,'RAG tracker'!$E$2:$E$120,"A") -> 0 | F19: =COUNTIFS('RAG tracker'!$A$2:$A$120,$A19,'RAG tracker'!$E$2:$E$120,"G") -> 0
A20: 6 | B20: =COUNTIFS('RAG tracker'!$A$2:$A$120,$A20) -> 17 | C20: Stretch | D20: =COUNTIFS('RAG tracker'!$A$2:$A$120,$A20,'RAG tracker'!$E$2:$E$120,"R") -> 0 | E20: =COUNTIFS('RAG tracker'!$A$2:$A$120,$A20,'RAG tracker'!$E$2:$E$120,"A") -> 0 | F20: =COUNTIFS('RAG tracker'!$A$2:$A$120,$A20,'RAG tracker'!$E$2:$E$120,"G") -> 0
A21: 7 | B21: =COUNTIFS('RAG tracker'!$A$2:$A$120,$A21) -> 15 | C21: Not this time | D21: =COUNTIFS('RAG tracker'!$A$2:$A$120,$A21,'RAG tracker'!$E$2:$E$120,"R") -> 0 | E21: =COUNTIFS('RAG tracker'!$A$2:$A$120,$A21,'RAG tracker'!$E$2:$E$120,"A") -> 0 | F21: =COUNTIFS('RAG tracker'!$A$2:$A$120,$A21,'RAG tracker'!$E$2:$E$120,"G") -> 0
A22: 8 | B22: =COUNTIFS('RAG tracker'!$A$2:$A$120,$A22) -> 10 | C22: Not this time | D22: =COUNTIFS('RAG tracker'!$A$2:$A$120,$A22,'RAG tracker'!$E$2:$E$120,"R") -> 0 | E22: =COUNTIFS('RAG tracker'!$A$2:$A$120,$A22,'RAG tracker'!$E$2:$E$120,"A") -> 0 | F22: =COUNTIFS('RAG tracker'!$A$2:$A$120,$A22,'RAG tracker'!$E$2:$E$120,"G") -> 0
A23: Total | B23: =SUM(B15:B22) -> 119 | D23: =SUM(D15:D22) -> 0 | E23: =SUM(E15:E22) -> 0 | F23: =SUM(F15:F22) -> 0

Sheet Start here
A1: Charlotte: maths topic check
A2: Edexcel International GCSE Maths, Higher Tier. 119 topics, listed in grade order.
A4: What to do | B4: Go to the RAG tracker tab and put R, A or G in the 'Your rating' column for each topic. That is the only column to fill in, plus Notes if you want.
A5: R | B5: I could not start this, or I would get it wrong.
A6: A | B6: I can do it but slowly, or I get some right and some wrong.
A7: G | B7: I can do this confidently and quickly.
A8: Be honest rather than kind | B8: A topic marked G gets almost no time from us. If you are torn between two, pick the lower one.
A9: The early grades matter most | B9: Grades 1 to 3 will look easy. Do not skim them. A topic you rate R there is the most useful thing you can tell me, because those marks appear on every paper.
A10: Topic link | B10: Each row links to the Maths Genie page for that topic, which has a video, questions and worked solutions if you want to check before rating.
A11: How long | B11: About 119 rows, mostly one glance each. Roughly 30 minutes.
A13: Example of a filled row
A14: Grade | B14: Topic | C14: Your rating | D14: Notes
A15: 4 | B15: Indices | C15: A | D15: Fine with x and divide, never sure about power of 0

Sheet RAG tracker
A1: Grade | B1: No. | C1: Topic | D1: In our plan | E1: Your rating | F1: Notes | G1: What we do about it | H1: Maths Genie | I1: PMT worksheet | J1: QP | K1: MS | L1: Ans
A2: 1 | B2: 1 | C2: Addition And Subtraction | D2: =IF($A2<=5,"Core",IF($A2=6,"Stretch","Not this time")) -> Core | G2: =IF($D2="Not this time","Not scheduled, above the target",IF($E2="","",IF($E2="R","Full worksheet, taught first",IF($E2="A","Work until 3 right in a row",IF($E2="G","2 question spot check later",""))))) | H2: open | I2: Four Operations | J2: QP | K2: MS | L2: Ans
A3: 1 | B3: 2 | C3: Multiplication And Division | D3: =IF($A3<=5,"Core",IF($A3=6,"Stretch","Not this time")) -> Core | G3: =IF($D3="Not this time","Not scheduled, above the target",IF($E3="","",IF($E3="R","Full worksheet, taught first",IF($E3="A","Work until 3 right in a row",IF($E3="G","2 question spot check later",""))))) | H3: open | I3: Four Operations | J3: QP | K3: MS | L3: Ans
A4: 1 | B4: 3 | C4: Time | D4: =IF($A4<=5,"Core",IF($A4=6,"Stretch","Not this time")) -> Core | G4: =IF($D4="Not this time","Not scheduled, above the target",IF($E4="","",IF($E4="R","Full worksheet, taught first",IF($E4="A","Work until 3 right in a row",IF($E4="G","2 question spot check later",""))))) | H4: open | I4: Using Measures | J4: QP | K4: MS | L4: Ans
A5: 1 | B5: 4 | C5: Writing Simplifying And Ordering Fractions | D5: =IF($A5<=5,"Core",IF($A5=6,"Stretch","Not this time")) -> Core | G5: =IF($D5="Not this time","Not scheduled, above the target",IF($E5="","",IF($E5="R","Full worksheet, taught first",IF($E5="A","Work until 3 right in a row",IF($E5="G","2 question spot check later",""))))) | H5: open | I5: Fractions | J5: QP | K5: MS | L5: Ans
A6: 1 | B6: 5 | C6: Place Value | D6: =IF($A6<=5,"Core",IF($A6=6,"Stretch","Not this time")) -> Core | G6: =IF($D6="Not this time","Not scheduled, above the target",IF($E6="","",IF($E6="R","Full worksheet, taught first",IF($E6="A","Work until 3 right in a row",IF($E6="G","2 question spot check later",""))))) | H6: open | I6: no PMT sheet
A7: 1 | B7: 6 | C7: Rounding | D7: =IF($A7<=5,"Core",IF($A7=6,"Stretch","Not this time")) -> Core | G7: =IF($D7="Not this time","Not scheduled, above the target",IF($E7="","",IF($E7="R","Full worksheet, taught first",IF($E7="A","Work until 3 right in a row",IF($E7="G","2 question spot check later",""))))) | H7: open | I7: Rounding | J7: QP | K7: MS | L7: Ans
A8: 1 | B8: 7 | C8: Negative Numbers | D8: =IF($A8<=5,"Core",IF($A8=6,"Stretch","Not this time")) -> Core | G8: =IF($D8="Not this time","Not scheduled, above the target",IF($E8="","",IF($E8="R","Full worksheet, taught first",IF($E8="A","Work until 3 right in a row",IF($E8="G","2 question spot check later",""))))) | H8: open | I8: Four Operations | J8: QP | K8: MS | L8: Ans
A9: 1 | B9: 8 | C9: Powers And Roots | D9: =IF($A9<=5,"Core",IF($A9=6,"Stretch","Not this time")) -> Core | G9: =IF($D9="Not this time","Not scheduled, above the target",IF($E9="","",IF($E9="R","Full worksheet, taught first",IF($E9="A","Work until 3 right in a row",IF($E9="G","2 question spot check later",""))))) | H9: open | I9: Roots and Powers | J9: QP | K9: MS | L9: Ans
A10: 1 | B10: 9 | C10: Bidmas | D10: =IF($A10<=5,"Core",IF($A10=6,"Stretch","Not this time")) -> Core | G10: =IF($D10="Not this time","Not scheduled, above the target",IF($E10="","",IF($E10="R","Full worksheet, taught first",IF($E10="A","Work until 3 right in a row",IF($E10="G","2 question spot check later",""))))) | H10: open | I10: Four Operations | J10: QP | K10: MS | L10: Ans
A11: 1 | B11: 10 | C11: Factors And Multiples | D11: =IF($A11<=5,"Core",IF($A11=6,"Stretch","Not this time")) -> Core | G11: =IF($D11="Not this time","Not scheduled, above the target",IF($E11="","",IF($E11="R","Full worksheet, taught first",IF($E11="A","Work until 3 right in a row",IF($E11="G","2 question spot check later",""))))) | H11: open | I11: Primes, Factors and Multiples | J11: QP | K11: MS | L11: Ans
A12: 1 | B12: 11 | C12: Coordinates | D12: =IF($A12<=5,"Core",IF($A12=6,"Stretch","Not this time")) -> Core | G12: =IF($D12="Not this time","Not scheduled, above the target",IF($E12="","",IF($E12="R","Full worksheet, taught first",IF($E12="A","Work until 3 right in a row",IF($E12="G","2 question spot check later",""))))) | H12: open | I12: Coordinates | J12: QP | K12: MS | L12: Ans
A13: 1 | B13: 12 | C13: Pictograms | D13: =IF($A13<=5,"Core",IF($A13=6,"Stretch","Not this time")) -> Core | G13: =IF($D13="Not this time","Not scheduled, above the target",IF($E13="","",IF($E13="R","Full worksheet, taught first",IF($E13="A","Work until 3 right in a row",IF($E13="G","2 question spot check later",""))))) | H13: open | I13: Interpreting Data | J13: QP | K13: MS | L13: Ans
A14: 2 | B14: 1 | C14: Calculation Problems | D14: =IF($A14<=5,"Core",IF($A14=6,"Stretch","Not this time")) -> Core | G14: =IF($D14="Not this time","Not scheduled, above the target",IF($E14="","",IF($E14="R","Full worksheet, taught first",IF($E14="A","Work until 3 right in a row",IF($E14="G","2 question spot check later",""))))) | H14: open | I14: Calculating Problems | J14: QP | K14: MS | L14: Ans
A15: 2 | B15: 2 | C15: Using A Calculator | D15: =IF($A15<=5,"Core",IF($A15=6,"Stretch","Not this time")) -> Core | G15: =IF($D15="Not this time","Not scheduled, above the target",IF($E15="","",IF($E15="R","Full worksheet, taught first",IF($E15="A","Work until 3 right in a row",IF($E15="G","2 question spot check later",""))))) | H15: open | I15: no PMT sheet
A16: 2 | B16: 3 | C16: Systematic Listing | D16: =IF($A16<=5,"Core",IF($A16=6,"Stretch","Not this time")) -> Core | G16: =IF($D16="Not this time","Not scheduled, above the target",IF($E16="","",IF($E16="R","Full worksheet, taught first",IF($E16="A","Work until 3 right in a row",IF($E16="G","2 question spot check later",""))))) | H16: open | I16: Probability of Events | J16: QP | K16: MS | L16: Ans
A17: 2 | B17: 4 | C17: Fractions Of An Amount | D17: =IF($A17<=5,"Core",IF($A17=6,"Stretch","Not this time")) -> Core | G17: =IF($D17="Not this time","Not scheduled, above the target",IF($E17="","",IF($E17="R","Full worksheet, taught first",IF($E17="A","Work until 3 right in a row",IF($E17="G","2 question spot check later",""))))) | H17: open | I17: Fractions | J17: QP | K17: MS | L17: Ans
A18: 2 | B18: 5 | C18: Fractions Decimals And Percentages | D18: =IF($A18<=5,"Core",IF($A18=6,"Stretch","Not this time")) -> Core | G18: =IF($D18="Not this time","Not scheduled, above the target",IF($E18="","",IF($E18="R","Full worksheet, taught first",IF($E18="A","Work until 3 right in a row",IF($E18="G","2 question spot check later",""))))) | H18: open | I18: Percentages | J18: QP | K18: MS | L18: Ans
A19: 2 | B19: 6 | C19: Simplifying Algebra | D19: =IF($A19<=5,"Core",IF($A19=6,"Stretch","Not this time")) -> Core | G19: =IF($D19="Not this time","Not scheduled, above the target",IF($E19="","",IF($E19="R","Full worksheet, taught first",IF($E19="A","Work until 3 right in a row",IF($E19="G","2 question spot check later",""))))) | H19: open | I19: Simplifying Expressions | J19: QP | K19: MS | L19: Ans
A20: 2 | B20: 7 | C20: Writing An Expression | D20: =IF($A20<=5,"Core",IF($A20=6,"Stretch","Not this time")) -> Core | G20: =IF($D20="Not this time","Not scheduled, above the target",IF($E20="","",IF($E20="R","Full worksheet, taught first",IF($E20="A","Work until 3 right in a row",IF($E20="G","2 question spot check later",""))))) | H20: open | I20: Deriving Expressions | J20: QP | K20: MS | L20: Ans
A21: 2 | B21: 8 | C21: Function Machines | D21: =IF($A21<=5,"Core",IF($A21=6,"Stretch","Not this time")) -> Core | G21: =IF($D21="Not this time","Not scheduled, above the target",IF($E21="","",IF($E21="R","Full worksheet, taught first",IF($E21="A","Work until 3 right in a row",IF($E21="G","2 question spot check later",""))))) | H21: open | I21: no PMT sheet
A22: 2 | B22: 9 | C22: Solving One Step Equations | D22: =IF($A22<=5,"Core",IF($A22=6,"Stretch","Not this time")) -> Core | G22: =IF($D22="Not this time","Not scheduled, above the target",IF($E22="","",IF($E22="R","Full worksheet, taught first",IF($E22="A","Work until 3 right in a row",IF($E22="G","2 question spot check later",""))))) | H22: open | I22: Solving Linear Equations | J22: QP | K22: MS | L22: Ans
A23: 2 | B23: 10 | C23: Angles | D23: =IF($A23<=5,"Core",IF($A23=6,"Stretch","Not this time")) -> Core | G23: =IF($D23="Not this time","Not scheduled, above the target",IF($E23="","",IF($E23="R","Full worksheet, taught first",IF($E23="A","Work until 3 right in a row",IF($E23="G","2 question spot check later",""))))) | H23: open | I23: Properties of Angles | J23: QP | K23: MS | L23: Ans
A24: 2 | B24: 11 | C24: Area And Perimeter | D24: =IF($A24<=5,"Core",IF($A24=6,"Stretch","Not this time")) -> Core | G24: =IF($D24="Not this time","Not scheduled, above the target",IF($E24="","",IF($E24="R","Full worksheet, taught first",IF($E24="A","Work until 3 right in a row",IF($E24="G","2 question spot check later",""))))) | H24: open | I24: Area; Perimeter | J24: QP | K24: MS | L24: Ans
A25: 2 | B25: 12 | C25: Probability | D25: =IF($A25<=5,"Core",IF($A25=6,"Stretch","Not this time")) -> Core | G25: =IF($D25="Not this time","Not scheduled, above the target",IF($E25="","",IF($E25="R","Full worksheet, taught first",IF($E25="A","Work until 3 right in a row",IF($E25="G","2 question spot check later",""))))) | H25: open | I25: Probability of Events | J25: QP | K25: MS | L25: Ans
A26: 2 | B26: 13 | C26: Frequency Polygons | D26: =IF($A26<=5,"Core",IF($A26=6,"Stretch","Not this time")) -> Core | G26: =IF($D26="Not this time","Not scheduled, above the target",IF($E26="","",IF($E26="R","Full worksheet, taught first",IF($E26="A","Work until 3 right in a row",IF($E26="G","2 question spot check later",""))))) | H26: open | I26: Interpreting Data | J26: QP | K26: MS | L26: Ans
A27: 2 | B27: 14 | C27: Averages | D27: =IF($A27<=5,"Core",IF($A27=6,"Stretch","Not this time")) -> Core | G27: =IF($D27="Not this time","Not scheduled, above the target",IF($E27="","",IF($E27="R","Full worksheet, taught first",IF($E27="A","Work until 3 right in a row",IF($E27="G","2 question spot check later",""))))) | H27: open | I27: Mean, Median, Mode, Range | J27: QP | K27: MS | L27: Ans
A28: 2 | B28: 15 | C28: Bar Charts | D28: =IF($A28<=5,"Core",IF($A28=6,"Stretch","Not this time")) -> Core | G28: =IF($D28="Not this time","Not scheduled, above the target",IF($E28="","",IF($E28="R","Full worksheet, taught first",IF($E28="A","Work until 3 right in a row",IF($E28="G","2 question spot check later",""))))) | H28: open | I28: Interpreting Data | J28: QP | K28: MS | L28: Ans
A29: 2 | B29: 16 | C29: Pie Charts | D29: =IF($A29<=5,"Core",IF($A29=6,"Stretch","Not this time")) -> Core | G29: =IF($D29="Not this time","Not scheduled, above the target",IF($E29="","",IF($E29="R","Full worksheet, taught first",IF($E29="A","Work until 3 right in a row",IF($E29="G","2 question spot check later",""))))) | H29: open | I29: Interpreting Data | J29: QP | K29: MS | L29: Ans
A30: 3 | B30: 1 | C30: Fractions | D30: =IF($A30<=5,"Core",IF($A30=6,"Stretch","Not this time")) -> Core | G30: =IF($D30="Not this time","Not scheduled, above the target",IF($E30="","",IF($E30="R","Full worksheet, taught first",IF($E30="A","Work until 3 right in a row",IF($E30="G","2 question spot check later",""))))) | H30: open | I30: Fractions | J30: QP | K30: MS | L30: Ans
A31: 3 | B31: 2 | C31: Estimating | D31: =IF($A31<=5,"Core",IF($A31=6,"Stretch","Not this time")) -> Core | G31: =IF($D31="Not this time","Not scheduled, above the target",IF($E31="","",IF($E31="R","Full worksheet, taught first",IF($E31="A","Work until 3 right in a row",IF($E31="G","2 question spot check later",""))))) | H31: open | I31: Approximation and Estimation | J31: QP | K31: MS | L31: Ans
A32: 3 | B32: 3 | C32: Writing And Simplifying Ratio | D32: =IF($A32<=5,"Core",IF($A32=6,"Stretch","Not this time")) -> Core | G32: =IF($D32="Not this time","Not scheduled, above the target",IF($E32="","",IF($E32="R","Full worksheet, taught first",IF($E32="A","Work until 3 right in a row",IF($E32="G","2 question spot check later",""))))) | H32: open | I32: Ratio | J32: QP | K32: MS | L32: Ans
A33: 3 | B33: 4 | C33: Ratio | D33: =IF($A33<=5,"Core",IF($A33=6,"Stretch","Not this time")) -> Core | G33: =IF($D33="Not this time","Not scheduled, above the target",IF($E33="","",IF($E33="R","Full worksheet, taught first",IF($E33="A","Work until 3 right in a row",IF($E33="G","2 question spot check later",""))))) | H33: open | I33: Ratio | J33: QP | K33: MS | L33: Ans
... A117: 8 | B117: 8.7 | C117: Sequences Higher | D117: =IF($A117<=5,"Core",IF($A117=6,"Stretch","Not this time")) -> Not this time | G117: =IF($D117="Not this time","Not scheduled, above the target",IF($E117="","",IF($E117="R","Full worksheet, taught first",IF($E117="A","Work until 3 right in a row",IF($E117="G","2 question spot check later",""))))) -> Not scheduled, above the target | H117: open | I117: Sequences | J117: QP | K117: MS | L117: Ans
A118: 8 | B118: 8.8 | C118: Differentiation | D118: =IF($A118<=5,"Core",IF($A118=6,"Stretch","Not this time")) -> Not this time | G118: =IF($D118="Not this time","Not scheduled, above the target",IF($E118="","",IF($E118="R","Full worksheet, taught first",IF($E118="A","Work until 3 right in a row",IF($E118="G","2 question spot check later",""))))) -> Not scheduled, above the target | H118: open | I118: no PMT sheet
A119: 8 | B119: 8.9 | C119: Vectors Proof Questions | D119: =IF($A119<=5,"Core",IF($A119=6,"Stretch","Not this time")) -> Not this time | G119: =IF($D119="Not this time","Not scheduled, above the target",IF($E119="","",IF($E119="R","Full worksheet, taught first",IF($E119="A","Work until 3 right in a row",IF($E119="G","2 question spot check later",""))))) -> Not scheduled, above the target | H119: open | I119: Vector Proof | J119: QP | K119: MS | L119: Ans
A120: 8 | B120: 8.10 | C120: Probability Equation Questions | D120: =IF($A120<=5,"Core",IF($A120=6,"Stretch","Not this time")) -> Not this time | G120: =IF($D120="Not this time","Not scheduled, above the target",IF($E120="","",IF($E120="R","Full worksheet, taught first",IF($E120="A","Work until 3 right in a row",IF($E120="G","2 question spot check later",""))))) -> Not scheduled, above the target | H120: open | I120: Probability Equations | J120: QP | K120: MS | L120: Ans

Sheet Spec check
A1: Cross-check against the Pearson 4MA1 specification
A2: Every subsection of the specification, and the Maths Genie topics that cover it. Built so nothing is lost by using Maths Genie as the spine.
A4: Spec ref | B4: Specification topic | C4: Covered by | D4: Status
A5: 1.1 | B5: Integers | C5: Addition And Subtraction, Multiplication And Division, Place Value, Negative Numbers, Bidmas, Factors And Multiples | D5: Covered
A6: 1.2 | B6: Fractions | C6: Writing Simplifying And Ordering Fractions, Fractions Of An Amount, Fractions | D6: Covered
A7: 1.3 | B7: Decimals | C7: Place Value, Fractions Decimals And Percentages, Recurring Decimals To Fractions | D7: Covered
A8: 1.4 | B8: Powers and roots | C8: Powers And Roots, Indices, Prime Factors Hcf And Lcm, Fractional And Negative Indices, Surds | D8: Covered
A9: 1.5 | B9: Set language and notation | C9: Venn Diagrams | D9: Covered
A10: 1.6 | B10: Percentages | C10: Percentages, Percentage Change, Reverse Percentages, Compound Interest And Depreciation, Fractions Decimals And Percentages | D10: Covered
A11: 1.7 | B11: Ratio and proportion | C11: Writing And Simplifying Ratio, Ratio, Proportion, Best Buy Questions, Scale Drawings | D11: Covered
A12: 1.8 | B12: Degree of accuracy | C12: Rounding, Estimating, Bounds | D12: Covered
A13: 1.9 | B13: Standard form | C13: Standard Form | D13: Covered
A14: 1.10 | B14: Applying number | C14: Conversions And Units, Time, Calculation Problems, Exchange Rates | D14: Covered
A15: 1.11 | B15: Electronic calculators | C15: Using A Calculator | D15: Covered
... A43: 6.3 | B43: Probability | C43: Probability, Frequency Trees, Venn Diagrams, Probability Trees, Conditional Probability, Probability Equation Questions, Systematic Listing | D43: Covered
A45: Notes
A46: 4.3 Symmetry has no Maths Genie topic. Lines of symmetry and order of rotational symmetry are on the specification. Cover it inside Transformations.
A47: Congruence (4.2 F and G) has no topic of its own. It sits inside Similar Shapes Lengths and Transformations.
A48: Set notation beyond Venn diagrams (union, intersection, complement, n(A), subsets) sits only inside Venn Diagrams. Check she has seen the symbols.
A49: Everything else on the specification maps to at least one Maths Genie topic.
A50: Grade 7 and above rows say 'Not scheduled' whatever the rating, and are excluded from the question totals above.
A51: Grades shown are Maths Genie's estimates, not Pearson's. Boundaries move each series.
